claim_id,påstand,artefakt,presis_plassering,beregningskilde,datavintage,evalueringsutvalg,informasjonssett,status,alvorlighet,tall_flyttes,nødvendig_retting,verifikasjonsbevis
C01,"M0/M1-referansene: MASE 1,003/1,228, RMSE 1 698/1 844, dekning 91/98 og 77/97, intervallskår 7 082/6 125",AV1 tabell 17 + nb02,qmd res-cv; PDF s.30; nb02 celle 19–21,Lukket form; reprodusert uavhengig,2026-08-04,372 punkter (31×12),Full serie t.o.m. t0 (gyldig),BEKREFTET,lav,nei,ingen,revisjon/repro_protokoll.py: alle 10 tall eksakt like
C02,"Konformal kalibrering løfter M6-dekningen 45 → 73 %",AV1 4.5 + README,PDF s.32; qmd l.1666,K-objektet (lekkende skjema; 336-utvalg),2026-08-04,336 punkter (K-utvalg),LEKKER: bruker urealiserte feil (h−1 per origin),AVKREFTET som driftstall,P0,ja,"Tidsgyldig skjema + endelig-utvalgsnivå; regn om; erratum",Reproduksjon: M0-analog 78,5 → 67,4/74,4 %; retning entydig 32/2
C03,"osloandel påvirker ikke tallene i kapittel 4",AV2 M13 / AV1 kode,qmd l.236–240 vs l.1424–1441,CV bruker LAMBDA_ORAKEL; osloandel kun i prosa,2026-08-04,n/a,Lekk konstruksjon i metodetekst,BEKREFTET,middels,nei,"Metodetekst presiseres; per-origin-andel i drift",Kodelesning + reproduserte andeler 14,4/19,9/18,5 %
C04,"M13/M15/M19-rettelsene i AV2 er selv korrekt implementert",AV2 nb02/06/07,nb02 c.34; nb06 c.594–630; nb07 c.589–626,Uavhengig rekjøring,2026-08-04,270 felles punkter,Tidsgyldig krav t_j+h≤t_i korrekt kodet,BEKREFTET,lav,nei,ingen,repro_protokoll.py treffer alle AV2-tall (67,4/74,4/11,9/5,6)
C05,"np.quantile(…, method=\"linear\") etter ⌈(n+1)(1−α)⌉/n gir gyldig split-konformal kvantil",AV2 nb06/07,nb06 l.607–610; nb07 l.599–600,Numerisk test alle n i 4..399,n/a,n/a,n/a,BEKREFTET — «higher» IKKE påkrevd,lav,nei,"Ingen; evt. inverted_cdf for eksakt ordensstatistikk","linear interpolerer i [s(k), s(k+1)] ≥ påkrevd s(k); 0 brudd i test. UTEN nivåkorreksjon (nb02/05) undershooter linear → underdekning (= K3-funnet)"
C06,"known_from finnes og håndheves per origin",data + kode,intervensjonstabell.csv (14 kolonner); CV-koden,Kolonnesjekk + kodelesning,2026-08-04,n/a,n/a,AVKREFTET — finnes ikke og håndheves ikke,P0,ja (for h≥6-resultater),"Innfør known_from/effect_known_from + port i prognoseløkka (issue #6); primærkilderegister levert i revisjon/regelverksregister_kunnskapsdatoer.csv",Kolonneliste; grep; issue #6 bekrefter
C07,"Full informasjon, PIT og orakel blandes ikke",AV1 kap. 3–4,tbl-res-m7 (merket orakel — OK); tabell 17/19 (M7 i samme stige uten kolonnemerke); 4.3-flaggskipet (9 mnd fra juli 2023),Primærkilderegister,2026-08-04,372,Blandet: I12 effect_known_from = 2023-10-06 < opprinnelse juli 2023 er USANT,DELVIS AVKREFTET — flaggskipet er orakelbetinget,P0,ja (tolkning; tallene består som scenario),"Merk M7 og h≥6-resultater som betinget/orakel; PIT-varianten: opprinnelse 2023-10, h=6: 15 552 mot 15 588 (0,2 %) — sterkere og rent","Regelverksagentens kjede: forlengelse «ut 2023» vedtatt 16.06.2023; avvikling foreslått 06.10.2023 (Prop. 1 S/A-til-Å); tabell 19 h=6-verdi verifisert i PDF"
C08,"MinT-gevinsten for bydelene «godt over 1,64 på alle fire horisonter» (465 punkter)",AV2 nb06/M19,logg l.1522–1525; nb06-utdata,Klynget DM i nb07,2026-08-04,465 stablet vs 31 klynget,n/a,AVKREFTET (av AV2 selv i K2; metode verifisert),middels,ja (teststatistikk; MASE står),"Errata-merk nb06; rapporter klynget",nb07-kode lest; snittkorr 0,81; 5,38→1,56
C09,"Forhåndsregistrering er bevisbar i Git per notebook",AV2,commits 53fafa4/8497789 og d5efa93/32f3259,git log,n/a,n/a,n/a,DELVIS: nb05/06 JA; nb03/04 NEI (innrømmet i M17); antallet «nitten» ikke avstemt (16–17 sporbare),lav,nei,"Ingen for nb05/06; ikke hevd git-bevis for nb03/04; avstem tellingen i rapporten",git log --format i denne økten; M17-sitatet
C10,"«Serien er ikke i vesentlig grad autoregressiv»",AV2-rapport,s.2 (sammendrag) + s.8,Ablasjon + M0-styrke,2026-08-04,372,n/a,FOR STERK som formulert,middels,nei,"Presiser: nivåpersistensen (AR ~0,9; M0 slår SARIMA; feilvekst 2,1× mot 3,5× for random walk) ER autoregresjon; det som mangler er utnyttbar struktur UTOVER nivået — avvikene er politikkstyrte",qmd l.1589 (AR-koeff ~0,9); nb02 c.30; ablasjonstallene
C11,"«Den enkleste modellen i arbeidet er best» (L0 0,767)",AV2 M17/rapport,logg l.1341–1345; rapport s.8–9,Punktestimat-rangering,2026-08-04,372,Full regelverkskalender (betinget),FOR STERK uten forbehold,middels,nei,"«Lavest MASE-punktestimat; ikke statistisk skilt fra G2/M5/M7 med 31 opprinnelser (M17s egen oppløsningsanalyse); L8 0,737 er seleksjon (K6)»",M17-tekst + K6 + radrekkefølgefunnet M18 (0,0074 ≈ 1/6 av L0–G2-gapet)
C12,"«Tolvmånedersprognosen er ikke en prognose» / sammendragets «forsvinner helt på tolv»",AV2-rapport + M20,rapport s.2 og s.10–11,K7-frysing,2026-08-04,372 × 2 informasjonssett,Frysing = konservativ nedre grense; noen vedtak VAR kjent før virkning,DELVIS — retning bekreftet; absoluttformen for sterk,middels,nei,"Behold K7-funnet; erstatt «forsvinner helt» med «ligger mellom kjent- og fryst-kurven; avgjøres av known_from-registeret» (M20 sier dette selv)",K7-reproduksjon + regelverksregisteret (I12-kjeden)
C13,"README: «PDF, 36 sider»; «tre gjenstår»; «PDF identisk på enhver maskin»; «bydelsnivået ikke analysert»",README,l.8; l.65; l.118–120; l.250–251,pdfinfo; GitHub; PDF-inspeksjon,HEAD 4f44156,n/a,n/a,AVKREFTET på alle fire,P1,nei,"38 sider; 17 åpne issues (5 P0); identisk-påstanden er motbevist av 284 escapede sekvenser i shipped PDF; bydelsnivået ER analysert (nb05–07)",pdfinfo 38 s.; issue-telling; 284 «<U+»-treff i pdftotext; nb05–07
C14,"QMD-reproduserbarhetsløfter: renv.lock versjonert, seeds satt, versjoner stemplet",AV1 qmd,l.1381; l.436 og l.1377 (unt_1.qmd-referanser),Filsjekk + grep,HEAD,n/a,n/a,AVKREFTET (issue #3s premisser består ved HEAD),P0,nei,"Ton ned eller gjør sanne; rett to unt_1.qmd-selvreferanser",ls renv.lock (finnes ikke); grep set.seed (0 treff); grep unt_1 (2 treff)
C15,"Lovet figur «prior-implisert λ mot β̂» finnes i kapitlets andre del",AV1 qmd/PDF,løfte l.1227 + T5 l.1365; kap. 4 har den ikke,Label-liste + visuell inspeksjon alle 38 sider,HEAD,n/a,n/a,AVKREFTET — løftet er ubetalt (NYTT FUNN; ikke fanget av AV2),P1,nei,"Lever figuren (forhandsanslag×osloandel mot β̂) eller stryk løftet og presiser T5-oppgjøret",PDF-agentens sideinspeksjon; chunk-label-liste (ingen slik figur)
C16,"«Innenfor tre prosent» om 3,2 %-avvik",AV1 PDF/README,PDF s.31 og s.34; README-formulering,Tabell 19-tall,HEAD,n/a,n/a,UPRESIS (3,2 > 3),lav,nei,"Bind formuleringen til beregnet verdi («innenfor 3,2 %»)",Reprodusert: 495/15 588 = 3,17 %
C17,"AV2-rapporten har versjonert kildefil, forfatter, dato, reproduksjonsvei",rapport/arbeidsverk2_sammenfatning.pdf,forside/kolofon,PDF-inspeksjon,2026-08-04,n/a,n/a,AVKREFTET — ingen forfatter/dato/versjon/commit; .tex-kilden er UTENFOR repoet og tapt ved øktslutt,P0,nei,"Legg rapport.tex i repoet med kolofon (forfatter, dato, commit, byggekommando)",PDF-agentens s.1-inspeksjon; statusdokumentets egen innrømmelse
C18,"47 datakontrakter kjører ved hver push og kan feile",README + CI,ci.yml; scripts/validate_phase1.py,Kjørt i ren checkout + mutasjonstest,HEAD,n/a,n/a,BEKREFTET (47 passed, 2 warnings; korrupsjon → 3 feil, exit 1),lav,nei,"Ingen; merk at CI IKKE bygger rapport/notebooks (kun datakontrakt + compileall) — README er ærlig, men statusraden «Backtestet» dekkes ikke av CI",Kjøring 2026-08-09 + mutasjonstest i denne økten
C19,"Uttrekket validert eksternt mot Husbankens årstall (avvik 0,00 til −2,10 %)",AV1/README,README l.191–194; tbl-ekstern,arsrapport_nokkeltall.csv,2026-08-04,5 år,n/a,IKKE KONTROLLERT i denne økten (krever rendering/egen beregning),middels,ukjent,"Ta inn i gullsett-kontrollene ved neste render",—
C20,"Issue #17s sidetall (tabell 17 s.29; brødtekst s.31)",GitHub #17,issue-tekst,PDF-inspeksjon,HEAD,n/a,n/a,FORELDET — nå s.30 og s.32 (38-siders PDF),lav,nei,"Oppdater sidetall i issuen",PDF-agentens funn
