avvik_id,påstand_i_arbeidsverk_2,evidens,berørt_sted_i_arbeidsverk_1,opprinnelig_resultat,korrigert_resultat,konsekvens_for_inferens,konsekvens_for_konklusjon,verifikasjonsstatus,anbefalt_handling
AV2-M15,"Konformal kalibrering i AV1 bruker feil som ikke var realisert ved opprinnelsen (krav t_j < t_i i stedet for t_j + h <= t_i)","qmd l.1480–1482: quantile(abs(le[seq_len(i-1)]), .80); uavhengig reproduksjon i denne revisjonen (revisjon/repro_protokoll.py) treffer alle AV2-tall eksakt: 270 felles punkter; 32/2-asymmetri; q_A/q_B median 1,00 / snitt 1,28 / maks 5,8","K-chunken (res-cv); tabell 17-kolonnene for konformal; 4.5-tekst «45 → 73 %»; fig-res-dekning; README-avsnittet om åpne feil","M0: 78,5 % dekning ved nominelt 80 (lekkende skjema)","M0: 67,4 % (tidsgyldig, empirisk kvantil); 74,4 % (tidsgyldig + endelig-utvalgsnivå)","Endrer tall: dekning etter kalibrering er reelt lavere i drift, mest ved lange horisonter","Delkonklusjon «konformal etterkalibrering reparerer dekningen» (T4-oppgjøret, README) svekkes til «reparerer delvis; effekten var overdrevet av lekkasje». Hovedkonklusjon uendret i retning","BEKREFTET ved uavhengig reproduksjon","Bytt til tidsgyldig skjema med endelig-utvalgsnivå i K-chunken, render på nytt, skriv erratum-note i 4.5"
AV2-M19/K3,"Endelig-utvalgskorreksjonen ⌈(n+1)(1−α)⌉/n mangler i AV1 (og i notebook 02/05); halvparten av underdekningen i det tidsgyldige skjemaet skyldtes den","R quantile() type 7 uten nivåjustering i qmd; nb06/07 implementerer min(1, ceil((n+1)(1−α))/n); reproduksjon: lekkasje 11,1 → 11,9 pp (robust), underdekning 12,6 → 5,6 pp","Samme K-chunk som AV2-M15","Underdekning 12,6 pp tilskrevet datamengden","5,6 pp etter korreksjon; resten var manglende korreksjon","Endrer tall og attribusjon av underdekningen","Innsnevrer nb02s delkonklusjon; AV1s kalibreringstall må regnes om","BEKREFTET ved uavhengig reproduksjon","Samme rettelse som AV2-M15 (én kodeendring dekker begge)"
AV2-M13a,"osloandel beregnes som tail(12) av hele serien og lekker; brukes til å skalere nasjonale anslag til Oslo i M7-metoden","qmd l.236–240 (konstruksjon), l.1223 (metodetekst); CV-koden l.1424–1441 bruker LAMBDA_ORAKEL (full-utvalgskoeffisient), IKKE osloandel; andelstall reprodusert eksakt: 14,4 % (2010) / 19,9 % (2021) / 18,5 % (2024)","Metodetekst 3.x (sec-met-prior); ingen tabell i kap. 4","Metoden beskrevet med lekk andel; CV upåvirket","Andel må måles ved hver opprinnelse når metoden driftes","Ingen talleffekt i kapittel 4 (bekreftet i kode)","Ingen for dagens dokument; metodebeskrivelsen er lekk slik den står","BEKREFTET (kode + reproduserte andelstall)","Presiser metodeteksten; mål andelen per opprinnelse i drift"
AV2-M13b,"Et publisert (etterberegnet) tall for avviklingen finnes: SØF 05/2025 ca. 25 000 husstander nasjonalt — M4s «ikke funnet» gjaldt bare høstpakken","AV2-loggen M13; AV1s egen tekst l.1335 siterer allerede departementets forhåndsanslag 20 000–25 000 og Husbankens etterkontroll ~25 000","sec-met-prior «søkt etter og ikke funnet» (gjelder høstpakken; korrekt)","forhandsanslag.csv uten SØF-raden","Legg inn som anslag_type=etterberegnet","Ingen — etterberegnet kan aldri inngå i prognose","Ingen","DELVIS (SØF-rapporten ikke kontrollert i denne økten; AV1s egne kilder bekrefter størrelsesorden)","Legg SØF-raden i forhandsanslag.csv merket etterberegnet, med kilde"
AV2-M13c,"SSB 03013 (KPI husleie) er avsluttet 2025M12; pipeline vil stille slutte å oppdatere husleieindeksen","README l.170 oppgir selv avslutningen og etterfølgeren 14700; kodebok/fetch_ssb bruker 03013","Kildekart, README, fetch_ssb.py, last_datapakke.R","Aktiv kilde","Bytt til 14700 i pipeline","Ingen for dagens tall (dekning til 2025)","Ingen; driftsrisiko","BEKREFTET (dokumentert i repoet selv)","Migrér uttrekket til 14710/14700 før drift"
AV2-M14,"Notebook 01 leste to kalendre i samme rad; konklusjonen om jevnt fordelt frafall var snudd — riktig: sterkt inntektsselektert (snittinntekt −16,1 %, ikke −0,2 %)","Feilen var i AV2s eget utkast og nådde aldri commit; tre assert-kontroller lagt inn; jeg har reprodusert −25,2 %-fallet og kalenderidentiteten ligger i AV1 (tbl-kontroller)","Ingen (feilen var i AV2); bekrefter AV1s kalenderidentitet","n/a","n/a","Ingen for AV1","Styrker AV1s kontrollregime (forvekslingen finnes i publisert fagrapport, jf. SØF-datering mai 2024)","BEKREFTET for −25,2 %; −16,1 %-serien ikke uavhengig reprodusert her","Ingen handling i AV1; behold assert-ene i nb01"
AV2-K1,"Nb03/04s påstand «ingen trebasert modell skiller seg fra naiv (DM ≤ 1,64)» brukte feil test på nøstede par; med Clark–West passerer 13 av 36 celler","nb02 implementerte noestet-grenen; nb03 kalte uten; CW-formelen d = e1² − (e2² − (e1−e2)²) verifisert korrekt i kode; tallene fra lagret utdata i nb07","AV1 uberørt: qmd bruker Clark–West på nøstede par (tbl-res-cw)","0 av 36 over 1,64 (DM)","13 av 36 over 1,64 (CW); MASE-rangering uendret","AV2-intern: endrer signifikansutsagn for G1/G2 på h=1–3","Trekker nb03/04-påstanden; AV1s tilsvarende bruk var riktig","KODE BEKREFTET; tall fra lagret utdata (ikke rekjørt her)","Merk errata i nb03/04 (restempling av KILDEAVTRYKK kreves)"
AV2-K2,"Nb06s bydelstest stablet 465 avhengige punkter som uavhengige; klynget på 31 opprinnelser faller statistikken 5,38 → 1,56 (h=1); «sterkeste effekten» trekkes","nb07 celle 13–17: klynget DM = snitt av tapsdifferanse per opprinnelse, HAC L=h−1, Harvey; snittkorrelasjon 0,81, effektiv dimensjon 1,43/15; lagret utdata bekrefter 0,836 → 0,797","AV1 uberørt (har ingen bydelsanalyse)","DM 5,38/5,64/4,27/2,99 (h=1/3/6/12); «godt over 1,64 på alle»","1,56/1,67/1,21/0,91 — bare h=3 passerer","Endrer inferens: MinT-gevinsten for bydelene er retningsriktig men svakt belagt","Trekker «sterkeste effekten i AV2»; punktestimatet står","KODE BEKREFTET; tall fra lagret utdata","Errata-merk nb06; rapporter alltid klynget variant"
AV2-K5,"Den andre lekkasjekontrollen i nb03 kunne ikke feile (tautologisk); erstattet med mutasjonstestet kontroll","nb07-kode med mutasjonstest (framtidslekk/slakk-parametre); resultatene upåvirket","Ingen","Kontroll uten feilevne","Kontroll som stryker på begge mutasjoner","Ingen talleffekt","Ingen; hever beviskravet til kontroller","KODE BEKREFTET","Prinsippet bør gjelde alle kontroller (jf. mutasjonstest av validate_phase1.py i denne revisjonen: 3 feil ved korrupsjon — kan feile)"
AV2-K6,"Fire småfeil: bydelsfila er 15,2× oslofila (ikke 16×); 197 vs 198 par er to ulike filtre; N_SERIER·T overteller med 162; «0,767 laveste MASE» motsies av L8 0,737 (seleksjon)","nb07-utdata; K6-raden; PDF-inspeksjon bekrefter kryssdokument-avviket 197 (AV2 s.5) mot 198 (AV1 s.16)","AV1 s.16 tabell 5 («198 av 198 par») berørt kun som definisjonsforskjell — begge tall er riktige under hvert sitt filter","Upresise formuleringer","Presiserte formuleringer","Ingen","Ingen","BEKREFTET (dokumentert i begge dokumenter)","Én setning i hvert dokument som navngir filteret"
AV2-K7,"Fryses de tre vedtaksavhengige regressorene ved opprinnelsen: kortsiktsfortrinn består (0,652 mot naiv 0,739 h1–3), langsiktsfortrinn inverteres (0,848 → 1,344 h6–12); «tolvmånedersprognosen er betinget beregning»","nb07 celle 34: frysing kun etter t0, treningsdesign urørt (verifisert korrekt); uavhengig rekjøring i denne revisjonen (revisjon/repro_k7.py) — se 01_release_audit.md for utfall","Rammer tolkningen av hele AV1s langhorisontresultat (flaggskip 9-mnd); AV1s protokollregel 2 («kjent fordi vedtakene er fattet») er nå primærkildeprøvd: usann for opprinnelse juli 2023 (effect_known_from for I12 = 2023-10-06)","MASE L0 0,767 (alle h) med full kalender","1,112 fryst; sann PIT ligger mellom (frysing er konservativ nedre grense)","Endrer inferens for h ≥ 6: fortrinnet er betinget av regelverkskunnskap","Omformulerer hovedkonklusjonen: leveransen er betinget prognose + scenario, ikke ubetinget 12-mnd-prognose. Flaggskipet overlever i PIT-form ved opprinnelse ≥ 2023-10 (h=6: 15 552 mot 15 588; 0,2 %)","KODE BEKREFTET; uavhengig rekjøring i denne økten (se audit)","Innfør known_from-håndheving (#6); presenter kjent/fryst/PIT som tre merkede kolonner"
AV2-STATUS,"Statusdokumentet hevder «PR #12 er slått sammen»","GitHub: PR #12 er ÅPEN med merge-konflikter; commit d0d1a40 hentet CI-delene til main manuelt","Governance, ikke dokumentene","«slått sammen»","Åpen, foreldet, konflikter","Ingen for tall","Ingen; viktig for opprydding","AVKREFTET (primærobservasjon på GitHub)","Lukk PR #12 som supersedert med begrunnelse; lukk deretter #1"
