opprinnelse,h,sant,q,naiv,L0_kjent_pred,L0_fryst_pred,G2_kjent_pred,G2_fryst_pred
2023-03-01,1,20016.0,1248.5396825396826,19813.0,20238.0,20238.0,19739.0,19739.0
2023-03-01,3,18899.0,1248.5396825396826,19813.0,20618.0,20618.0,19572.0,19572.0
2023-03-01,6,19591.0,1248.5396825396826,19813.0,21059.0,21059.0,19959.0,19959.0
2023-03-01,12,20849.0,1248.5396825396826,19813.0,19943.0,19943.0,20754.0,20754.0
2023-10-01,1,19809.0,1306.8285714285714,19032.0,19898.0,19898.0,19998.0,19998.0
2023-10-01,3,19704.0,1306.8285714285714,19032.0,20703.0,20703.0,21184.0,21184.0
2023-10-01,6,15588.0,1306.8285714285714,19032.0,18197.0,20483.0,18600.0,20784.0
2023-10-01,12,18103.0,1306.8285714285714,19032.0,17429.0,19875.0,17921.0,20902.0
2025-06-01,1,16993.0,1420.4,16590.0,16954.0,16954.0,17139.0,17139.0
2025-06-01,3,17060.0,1420.4,16590.0,17785.0,17785.0,16923.0,16923.0
2025-06-01,6,17021.0,1420.4,16590.0,16283.0,16283.0,15765.0,15765.0
2025-06-01,12,16428.0,1420.4,16590.0,16704.0,16704.0,16595.0,16595.0
