Region_kode,ContentsCode_kode,Tid_kode,Region_navn,ContentsCode_navn,Tid_navn,verdi
0301,Folketallet1,1997K4,Oslo - Oslove,Befolkning ved inngangen av kvartalet,1997K4,499496
0301,Folketallet1,1998K1,Oslo - Oslove,Befolkning ved inngangen av kvartalet,1998K1,499693
0301,Folketallet1,1998K2,Oslo - Oslove,Befolkning ved inngangen av kvartalet,1998K2,501434
0301,Folketallet1,1998K3,Oslo - Oslove,Befolkning ved inngangen av kvartalet,1998K3,502113
0301,Folketallet1,1998K4,Oslo - Oslove,Befolkning ved inngangen av kvartalet,1998K4,502535
0301,Folketallet1,1999K1,Oslo - Oslove,Befolkning ved inngangen av kvartalet,1999K1,502867
0301,Folketallet1,1999K2,Oslo - Oslove,Befolkning ved inngangen av kvartalet,1999K2,504291
0301,Folketallet1,1999K3,Oslo - Oslove,Befolkning ved inngangen av kvartalet,1999K3,505400
0301,Folketallet1,1999K4,Oslo - Oslove,Befolkning ved inngangen av kvartalet,1999K4,506825
0301,Folketallet1,2000K1,Oslo - Oslove,Befolkning ved inngangen av kvartalet,2000K1,507467
0301,Folketallet1,2000K2,Oslo - Oslove,Befolkning ved inngangen av kvartalet,2000K2,508820
0301,Folketallet1,2000K3,Oslo - Oslove,Befolkning ved inngangen av kvartalet,2000K3,508826
0301,Folketallet1,2000K4,Oslo - Oslove,Befolkning ved inngangen av kvartalet,2000K4,509029
0301,Folketallet1,2001K1,Oslo - Oslove,Befolkning ved inngangen av kvartalet,2001K1,508726
0301,Folketallet1,2001K2,Oslo - Oslove,Befolkning ved inngangen av kvartalet,2001K2,510873
0301,Folketallet1,2001K3,Oslo - Oslove,Befolkning ved inngangen av kvartalet,2001K3,511790
0301,Folketallet1,2001K4,Oslo - Oslove,Befolkning ved inngangen av kvartalet,2001K4,512932
0301,Folketallet1,2002K1,Oslo - Oslove,Befolkning ved inngangen av kvartalet,2002K1,512589
0301,Folketallet1,2002K2,Oslo - Oslove,Befolkning ved inngangen av kvartalet,2002K2,514541
0301,Folketallet1,2002K3,Oslo - Oslove,Befolkning ved inngangen av kvartalet,2002K3,515425
0301,Folketallet1,2002K4,Oslo - Oslove,Befolkning ved inngangen av kvartalet,2002K4,516467
0301,Folketallet1,2003K1,Oslo - Oslove,Befolkning ved inngangen av kvartalet,2003K1,517401
0301,Folketallet1,2003K2,Oslo - Oslove,Befolkning ved inngangen av kvartalet,2003K2,518902
0301,Folketallet1,2003K3,Oslo - Oslove,Befolkning ved inngangen av kvartalet,2003K3,519553
0301,Folketallet1,2003K4,Oslo - Oslove,Befolkning ved inngangen av kvartalet,2003K4,521193
0301,Folketallet1,2004K1,Oslo - Oslove,Befolkning ved inngangen av kvartalet,2004K1,521886
0301,Folketallet1,2004K2,Oslo - Oslove,Befolkning ved inngangen av kvartalet,2004K2,523488
0301,Folketallet1,2004K3,Oslo - Oslove,Befolkning ved inngangen av kvartalet,2004K3,524888
0301,Folketallet1,2004K4,Oslo - Oslove,Befolkning ved inngangen av kvartalet,2004K4,527378
0301,Folketallet1,2005K1,Oslo - Oslove,Befolkning ved inngangen av kvartalet,2005K1,529846
0301,Folketallet1,2005K2,Oslo - Oslove,Befolkning ved inngangen av kvartalet,2005K2,531410
0301,Folketallet1,2005K3,Oslo - Oslove,Befolkning ved inngangen av kvartalet,2005K3,533050
0301,Folketallet1,2005K4,Oslo - Oslove,Befolkning ved inngangen av kvartalet,2005K4,536209
0301,Folketallet1,2006K1,Oslo - Oslove,Befolkning ved inngangen av kvartalet,2006K1,538411
0301,Folketallet1,2006K2,Oslo - Oslove,Befolkning ved inngangen av kvartalet,2006K2,541822
0301,Folketallet1,2006K3,Oslo - Oslove,Befolkning ved inngangen av kvartalet,2006K3,544073
0301,Folketallet1,2006K4,Oslo - Oslove,Befolkning ved inngangen av kvartalet,2006K4,547155
0301,Folketallet1,2007K1,Oslo - Oslove,Befolkning ved inngangen av kvartalet,2007K1,548617
0301,Folketallet1,2007K2,Oslo - Oslove,Befolkning ved inngangen av kvartalet,2007K2,551832
0301,Folketallet1,2007K3,Oslo - Oslove,Befolkning ved inngangen av kvartalet,2007K3,553396
0301,Folketallet1,2007K4,Oslo - Oslove,Befolkning ved inngangen av kvartalet,2007K4,557052
0301,Folketallet1,2008K1,Oslo - Oslove,Befolkning ved inngangen av kvartalet,2008K1,560484
0301,Folketallet1,2008K2,Oslo - Oslove,Befolkning ved inngangen av kvartalet,2008K2,565653
0301,Folketallet1,2008K3,Oslo - Oslove,Befolkning ved inngangen av kvartalet,2008K3,568809
0301,Folketallet1,2008K4,Oslo - Oslove,Befolkning ved inngangen av kvartalet,2008K4,573388
0301,Folketallet1,2009K1,Oslo - Oslove,Befolkning ved inngangen av kvartalet,2009K1,575475
0301,Folketallet1,2009K2,Oslo - Oslove,Befolkning ved inngangen av kvartalet,2009K2,578870
0301,Folketallet1,2009K3,Oslo - Oslove,Befolkning ved inngangen av kvartalet,2009K3,580229
0301,Folketallet1,2009K4,Oslo - Oslove,Befolkning ved inngangen av kvartalet,2009K4,584292
0301,Folketallet1,2010K1,Oslo - Oslove,Befolkning ved inngangen av kvartalet,2010K1,586860
0301,Folketallet1,2010K2,Oslo - Oslove,Befolkning ved inngangen av kvartalet,2010K2,590041
0301,Folketallet1,2010K3,Oslo - Oslove,Befolkning ved inngangen av kvartalet,2010K3,592082
0301,Folketallet1,2010K4,Oslo - Oslove,Befolkning ved inngangen av kvartalet,2010K4,596923
0301,Folketallet1,2011K1,Oslo - Oslove,Befolkning ved inngangen av kvartalet,2011K1,599230
0301,Folketallet1,2011K2,Oslo - Oslove,Befolkning ved inngangen av kvartalet,2011K2,605005
0301,Folketallet1,2011K3,Oslo - Oslove,Befolkning ved inngangen av kvartalet,2011K3,607292
0301,Folketallet1,2011K4,Oslo - Oslove,Befolkning ved inngangen av kvartalet,2011K4,611491
0301,Folketallet1,2012K1,Oslo - Oslove,Befolkning ved inngangen av kvartalet,2012K1,613285
0301,Folketallet1,2012K2,Oslo - Oslove,Befolkning ved inngangen av kvartalet,2012K2,617242
0301,Folketallet1,2012K3,Oslo - Oslove,Befolkning ved inngangen av kvartalet,2012K3,618378
0301,Folketallet1,2012K4,Oslo - Oslove,Befolkning ved inngangen av kvartalet,2012K4,621332
0301,Folketallet1,2013K1,Oslo - Oslove,Befolkning ved inngangen av kvartalet,2013K1,623966
0301,Folketallet1,2013K2,Oslo - Oslove,Befolkning ved inngangen av kvartalet,2013K2,626953
0301,Folketallet1,2013K3,Oslo - Oslove,Befolkning ved inngangen av kvartalet,2013K3,629313
0301,Folketallet1,2013K4,Oslo - Oslove,Befolkning ved inngangen av kvartalet,2013K4,632990
0301,Folketallet1,2014K1,Oslo - Oslove,Befolkning ved inngangen av kvartalet,2014K1,634463
0301,Folketallet1,2014K2,Oslo - Oslove,Befolkning ved inngangen av kvartalet,2014K2,638529
0301,Folketallet1,2014K3,Oslo - Oslove,Befolkning ved inngangen av kvartalet,2014K3,640313
0301,Folketallet1,2014K4,Oslo - Oslove,Befolkning ved inngangen av kvartalet,2014K4,645701
0301,Folketallet1,2015K1,Oslo - Oslove,Befolkning ved inngangen av kvartalet,2015K1,647676
0301,Folketallet1,2015K2,Oslo - Oslove,Befolkning ved inngangen av kvartalet,2015K2,650733
0301,Folketallet1,2015K3,Oslo - Oslove,Befolkning ved inngangen av kvartalet,2015K3,652044
0301,Folketallet1,2015K4,Oslo - Oslove,Befolkning ved inngangen av kvartalet,2015K4,656614
0301,Folketallet1,2016K1,Oslo - Oslove,Befolkning ved inngangen av kvartalet,2016K1,658390
0301,Folketallet1,2016K2,Oslo - Oslove,Befolkning ved inngangen av kvartalet,2016K2,660987
0301,Folketallet1,2016K3,Oslo - Oslove,Befolkning ved inngangen av kvartalet,2016K3,662587
0301,Folketallet1,2016K4,Oslo - Oslove,Befolkning ved inngangen av kvartalet,2016K4,666691
0301,Folketallet1,2017K1,Oslo - Oslove,Befolkning ved inngangen av kvartalet,2017K1,666759
0301,Folketallet1,2017K2,Oslo - Oslove,Befolkning ved inngangen av kvartalet,2017K2,668819
0301,Folketallet1,2017K3,Oslo - Oslove,Befolkning ved inngangen av kvartalet,2017K3,669060
0301,Folketallet1,2017K4,Oslo - Oslove,Befolkning ved inngangen av kvartalet,2017K4,672062
0301,Folketallet1,2018K1,Oslo - Oslove,Befolkning ved inngangen av kvartalet,2018K1,673469
0301,Folketallet1,2018K2,Oslo - Oslove,Befolkning ved inngangen av kvartalet,2018K2,674736
0301,Folketallet1,2018K3,Oslo - Oslove,Befolkning ved inngangen av kvartalet,2018K3,676462
0301,Folketallet1,2018K4,Oslo - Oslove,Befolkning ved inngangen av kvartalet,2018K4,679886
0301,Folketallet1,2019K1,Oslo - Oslove,Befolkning ved inngangen av kvartalet,2019K1,681071
0301,Folketallet1,2019K2,Oslo - Oslove,Befolkning ved inngangen av kvartalet,2019K2,683947
0301,Folketallet1,2019K3,Oslo - Oslove,Befolkning ved inngangen av kvartalet,2019K3,685811
0301,Folketallet1,2019K4,Oslo - Oslove,Befolkning ved inngangen av kvartalet,2019K4,690335
0301,Folketallet1,2020K1,Oslo - Oslove,Befolkning ved inngangen av kvartalet,2020K1,693494
0301,Folketallet1,2020K2,Oslo - Oslove,Befolkning ved inngangen av kvartalet,2020K2,694657
0301,Folketallet1,2020K3,Oslo - Oslove,Befolkning ved inngangen av kvartalet,2020K3,694086
0301,Folketallet1,2020K4,Oslo - Oslove,Befolkning ved inngangen av kvartalet,2020K4,697549
0301,Folketallet1,2021K1,Oslo - Oslove,Befolkning ved inngangen av kvartalet,2021K1,697010
0301,Folketallet1,2021K2,Oslo - Oslove,Befolkning ved inngangen av kvartalet,2021K2,697028
0301,Folketallet1,2021K3,Oslo - Oslove,Befolkning ved inngangen av kvartalet,2021K3,696088
0301,Folketallet1,2021K4,Oslo - Oslove,Befolkning ved inngangen av kvartalet,2021K4,698660
0301,Folketallet1,2022K1,Oslo - Oslove,Befolkning ved inngangen av kvartalet,2022K1,699827
0301,Folketallet1,2022K2,Oslo - Oslove,Befolkning ved inngangen av kvartalet,2022K2,702543
0301,Folketallet1,2022K3,Oslo - Oslove,Befolkning ved inngangen av kvartalet,2022K3,703979
0301,Folketallet1,2022K4,Oslo - Oslove,Befolkning ved inngangen av kvartalet,2022K4,707531
0301,Folketallet1,2023K1,Oslo - Oslove,Befolkning ved inngangen av kvartalet,2023K1,709037
0301,Folketallet1,2023K2,Oslo - Oslove,Befolkning ved inngangen av kvartalet,2023K2,711307
0301,Folketallet1,2023K3,Oslo - Oslove,Befolkning ved inngangen av kvartalet,2023K3,712092
0301,Folketallet1,2023K4,Oslo - Oslove,Befolkning ved inngangen av kvartalet,2023K4,716272
0301,Folketallet1,2024K1,Oslo - Oslove,Befolkning ved inngangen av kvartalet,2024K1,717710
0301,Folketallet1,2024K2,Oslo - Oslove,Befolkning ved inngangen av kvartalet,2024K2,719852
0301,Folketallet1,2024K3,Oslo - Oslove,Befolkning ved inngangen av kvartalet,2024K3,720568
0301,Folketallet1,2024K4,Oslo - Oslove,Befolkning ved inngangen av kvartalet,2024K4,723196
0301,Folketallet1,2025K1,Oslo - Oslove,Befolkning ved inngangen av kvartalet,2025K1,724290
0301,Folketallet1,2025K2,Oslo - Oslove,Befolkning ved inngangen av kvartalet,2025K2,725243
0301,Folketallet1,2025K3,Oslo - Oslove,Befolkning ved inngangen av kvartalet,2025K3,725180
0301,Folketallet1,2025K4,Oslo - Oslove,Befolkning ved inngangen av kvartalet,2025K4,727797
0301,Folketallet1,2026K1,Oslo - Oslove,Befolkning ved inngangen av kvartalet,2026K1,728714
0301,Folketallet11,1997K4,Oslo - Oslove,Befolkning ved utgangen av kvartalet,1997K4,500037
0301,Folketallet11,1998K1,Oslo - Oslove,Befolkning ved utgangen av kvartalet,1998K1,501234
0301,Folketallet11,1998K2,Oslo - Oslove,Befolkning ved utgangen av kvartalet,1998K2,501994
0301,Folketallet11,1998K3,Oslo - Oslove,Befolkning ved utgangen av kvartalet,1998K3,502267
0301,Folketallet11,1998K4,Oslo - Oslove,Befolkning ved utgangen av kvartalet,1998K4,502392
0301,Folketallet11,1999K1,Oslo - Oslove,Befolkning ved utgangen av kvartalet,1999K1,504132
0301,Folketallet11,1999K2,Oslo - Oslove,Befolkning ved utgangen av kvartalet,1999K2,505142
0301,Folketallet11,1999K3,Oslo - Oslove,Befolkning ved utgangen av kvartalet,1999K3,506341
0301,Folketallet11,1999K4,Oslo - Oslove,Befolkning ved utgangen av kvartalet,1999K4,506942
0301,Folketallet11,2000K1,Oslo - Oslove,Befolkning ved utgangen av kvartalet,2000K1,508820
0301,Folketallet11,2000K2,Oslo - Oslove,Befolkning ved utgangen av kvartalet,2000K2,508826
0301,Folketallet11,2000K3,Oslo - Oslove,Befolkning ved utgangen av kvartalet,2000K3,509029
0301,Folketallet11,2000K4,Oslo - Oslove,Befolkning ved utgangen av kvartalet,2000K4,508686
0301,Folketallet11,2001K1,Oslo - Oslove,Befolkning ved utgangen av kvartalet,2001K1,510873
0301,Folketallet11,2001K2,Oslo - Oslove,Befolkning ved utgangen av kvartalet,2001K2,511790
0301,Folketallet11,2001K3,Oslo - Oslove,Befolkning ved utgangen av kvartalet,2001K3,512932
0301,Folketallet11,2001K4,Oslo - Oslove,Befolkning ved utgangen av kvartalet,2001K4,512718
0301,Folketallet11,2002K1,Oslo - Oslove,Befolkning ved utgangen av kvartalet,2002K1,514541
0301,Folketallet11,2002K2,Oslo - Oslove,Befolkning ved utgangen av kvartalet,2002K2,515425
0301,Folketallet11,2002K3,Oslo - Oslove,Befolkning ved utgangen av kvartalet,2002K3,516467
0301,Folketallet11,2002K4,Oslo - Oslove,Befolkning ved utgangen av kvartalet,2002K4,517401
0301,Folketallet11,2003K1,Oslo - Oslove,Befolkning ved utgangen av kvartalet,2003K1,518902
0301,Folketallet11,2003K2,Oslo - Oslove,Befolkning ved utgangen av kvartalet,2003K2,519553
0301,Folketallet11,2003K3,Oslo - Oslove,Befolkning ved utgangen av kvartalet,2003K3,521193
0301,Folketallet11,2003K4,Oslo - Oslove,Befolkning ved utgangen av kvartalet,2003K4,521892
0301,Folketallet11,2004K1,Oslo - Oslove,Befolkning ved utgangen av kvartalet,2004K1,523488
0301,Folketallet11,2004K2,Oslo - Oslove,Befolkning ved utgangen av kvartalet,2004K2,524888
0301,Folketallet11,2004K3,Oslo - Oslove,Befolkning ved utgangen av kvartalet,2004K3,527378
0301,Folketallet11,2004K4,Oslo - Oslove,Befolkning ved utgangen av kvartalet,2004K4,529407
0301,Folketallet11,2005K1,Oslo - Oslove,Befolkning ved utgangen av kvartalet,2005K1,531410
0301,Folketallet11,2005K2,Oslo - Oslove,Befolkning ved utgangen av kvartalet,2005K2,533050
0301,Folketallet11,2005K3,Oslo - Oslove,Befolkning ved utgangen av kvartalet,2005K3,536209
0301,Folketallet11,2005K4,Oslo - Oslove,Befolkning ved utgangen av kvartalet,2005K4,538411
0301,Folketallet11,2006K1,Oslo - Oslove,Befolkning ved utgangen av kvartalet,2006K1,541822
0301,Folketallet11,2006K2,Oslo - Oslove,Befolkning ved utgangen av kvartalet,2006K2,544073
0301,Folketallet11,2006K3,Oslo - Oslove,Befolkning ved utgangen av kvartalet,2006K3,547155
0301,Folketallet11,2006K4,Oslo - Oslove,Befolkning ved utgangen av kvartalet,2006K4,548617
0301,Folketallet11,2007K1,Oslo - Oslove,Befolkning ved utgangen av kvartalet,2007K1,551832
0301,Folketallet11,2007K2,Oslo - Oslove,Befolkning ved utgangen av kvartalet,2007K2,553396
0301,Folketallet11,2007K3,Oslo - Oslove,Befolkning ved utgangen av kvartalet,2007K3,557052
0301,Folketallet11,2007K4,Oslo - Oslove,Befolkning ved utgangen av kvartalet,2007K4,560484
0301,Folketallet11,2008K1,Oslo - Oslove,Befolkning ved utgangen av kvartalet,2008K1,565653
0301,Folketallet11,2008K2,Oslo - Oslove,Befolkning ved utgangen av kvartalet,2008K2,568809
0301,Folketallet11,2008K3,Oslo - Oslove,Befolkning ved utgangen av kvartalet,2008K3,573388
0301,Folketallet11,2008K4,Oslo - Oslove,Befolkning ved utgangen av kvartalet,2008K4,575475
0301,Folketallet11,2009K1,Oslo - Oslove,Befolkning ved utgangen av kvartalet,2009K1,578870
0301,Folketallet11,2009K2,Oslo - Oslove,Befolkning ved utgangen av kvartalet,2009K2,580229
0301,Folketallet11,2009K3,Oslo - Oslove,Befolkning ved utgangen av kvartalet,2009K3,584292
0301,Folketallet11,2009K4,Oslo - Oslove,Befolkning ved utgangen av kvartalet,2009K4,586860
0301,Folketallet11,2010K1,Oslo - Oslove,Befolkning ved utgangen av kvartalet,2010K1,590041
0301,Folketallet11,2010K2,Oslo - Oslove,Befolkning ved utgangen av kvartalet,2010K2,592082
0301,Folketallet11,2010K3,Oslo - Oslove,Befolkning ved utgangen av kvartalet,2010K3,596923
0301,Folketallet11,2010K4,Oslo - Oslove,Befolkning ved utgangen av kvartalet,2010K4,599230
0301,Folketallet11,2011K1,Oslo - Oslove,Befolkning ved utgangen av kvartalet,2011K1,605005
0301,Folketallet11,2011K2,Oslo - Oslove,Befolkning ved utgangen av kvartalet,2011K2,607292
0301,Folketallet11,2011K3,Oslo - Oslove,Befolkning ved utgangen av kvartalet,2011K3,611491
0301,Folketallet11,2011K4,Oslo - Oslove,Befolkning ved utgangen av kvartalet,2011K4,613285
0301,Folketallet11,2012K1,Oslo - Oslove,Befolkning ved utgangen av kvartalet,2012K1,617242
0301,Folketallet11,2012K2,Oslo - Oslove,Befolkning ved utgangen av kvartalet,2012K2,618378
0301,Folketallet11,2012K3,Oslo - Oslove,Befolkning ved utgangen av kvartalet,2012K3,621332
0301,Folketallet11,2012K4,Oslo - Oslove,Befolkning ved utgangen av kvartalet,2012K4,623966
0301,Folketallet11,2013K1,Oslo - Oslove,Befolkning ved utgangen av kvartalet,2013K1,626953
0301,Folketallet11,2013K2,Oslo - Oslove,Befolkning ved utgangen av kvartalet,2013K2,629313
0301,Folketallet11,2013K3,Oslo - Oslove,Befolkning ved utgangen av kvartalet,2013K3,632990
0301,Folketallet11,2013K4,Oslo - Oslove,Befolkning ved utgangen av kvartalet,2013K4,634463
0301,Folketallet11,2014K1,Oslo - Oslove,Befolkning ved utgangen av kvartalet,2014K1,638529
0301,Folketallet11,2014K2,Oslo - Oslove,Befolkning ved utgangen av kvartalet,2014K2,640313
0301,Folketallet11,2014K3,Oslo - Oslove,Befolkning ved utgangen av kvartalet,2014K3,645701
0301,Folketallet11,2014K4,Oslo - Oslove,Befolkning ved utgangen av kvartalet,2014K4,647676
0301,Folketallet11,2015K1,Oslo - Oslove,Befolkning ved utgangen av kvartalet,2015K1,650733
0301,Folketallet11,2015K2,Oslo - Oslove,Befolkning ved utgangen av kvartalet,2015K2,652044
0301,Folketallet11,2015K3,Oslo - Oslove,Befolkning ved utgangen av kvartalet,2015K3,656614
0301,Folketallet11,2015K4,Oslo - Oslove,Befolkning ved utgangen av kvartalet,2015K4,658390
0301,Folketallet11,2016K1,Oslo - Oslove,Befolkning ved utgangen av kvartalet,2016K1,660987
0301,Folketallet11,2016K2,Oslo - Oslove,Befolkning ved utgangen av kvartalet,2016K2,662587
0301,Folketallet11,2016K3,Oslo - Oslove,Befolkning ved utgangen av kvartalet,2016K3,666691
0301,Folketallet11,2016K4,Oslo - Oslove,Befolkning ved utgangen av kvartalet,2016K4,666757
0301,Folketallet11,2017K1,Oslo - Oslove,Befolkning ved utgangen av kvartalet,2017K1,668819
0301,Folketallet11,2017K2,Oslo - Oslove,Befolkning ved utgangen av kvartalet,2017K2,669060
0301,Folketallet11,2017K3,Oslo - Oslove,Befolkning ved utgangen av kvartalet,2017K3,672062
0301,Folketallet11,2017K4,Oslo - Oslove,Befolkning ved utgangen av kvartalet,2017K4,673468
0301,Folketallet11,2018K1,Oslo - Oslove,Befolkning ved utgangen av kvartalet,2018K1,674736
0301,Folketallet11,2018K2,Oslo - Oslove,Befolkning ved utgangen av kvartalet,2018K2,676462
0301,Folketallet11,2018K3,Oslo - Oslove,Befolkning ved utgangen av kvartalet,2018K3,679886
0301,Folketallet11,2018K4,Oslo - Oslove,Befolkning ved utgangen av kvartalet,2018K4,681067
0301,Folketallet11,2019K1,Oslo - Oslove,Befolkning ved utgangen av kvartalet,2019K1,683947
0301,Folketallet11,2019K2,Oslo - Oslove,Befolkning ved utgangen av kvartalet,2019K2,685811
0301,Folketallet11,2019K3,Oslo - Oslove,Befolkning ved utgangen av kvartalet,2019K3,690335
0301,Folketallet11,2019K4,Oslo - Oslove,Befolkning ved utgangen av kvartalet,2019K4,693494
0301,Folketallet11,2020K1,Oslo - Oslove,Befolkning ved utgangen av kvartalet,2020K1,694657
0301,Folketallet11,2020K2,Oslo - Oslove,Befolkning ved utgangen av kvartalet,2020K2,694086
0301,Folketallet11,2020K3,Oslo - Oslove,Befolkning ved utgangen av kvartalet,2020K3,697549
0301,Folketallet11,2020K4,Oslo - Oslove,Befolkning ved utgangen av kvartalet,2020K4,697010
0301,Folketallet11,2021K1,Oslo - Oslove,Befolkning ved utgangen av kvartalet,2021K1,697028
0301,Folketallet11,2021K2,Oslo - Oslove,Befolkning ved utgangen av kvartalet,2021K2,696088
0301,Folketallet11,2021K3,Oslo - Oslove,Befolkning ved utgangen av kvartalet,2021K3,698660
0301,Folketallet11,2021K4,Oslo - Oslove,Befolkning ved utgangen av kvartalet,2021K4,699827
0301,Folketallet11,2022K1,Oslo - Oslove,Befolkning ved utgangen av kvartalet,2022K1,702543
0301,Folketallet11,2022K2,Oslo - Oslove,Befolkning ved utgangen av kvartalet,2022K2,703979
0301,Folketallet11,2022K3,Oslo - Oslove,Befolkning ved utgangen av kvartalet,2022K3,707531
0301,Folketallet11,2022K4,Oslo - Oslove,Befolkning ved utgangen av kvartalet,2022K4,709037
0301,Folketallet11,2023K1,Oslo - Oslove,Befolkning ved utgangen av kvartalet,2023K1,711307
0301,Folketallet11,2023K2,Oslo - Oslove,Befolkning ved utgangen av kvartalet,2023K2,712092
0301,Folketallet11,2023K3,Oslo - Oslove,Befolkning ved utgangen av kvartalet,2023K3,716272
0301,Folketallet11,2023K4,Oslo - Oslove,Befolkning ved utgangen av kvartalet,2023K4,717710
0301,Folketallet11,2024K1,Oslo - Oslove,Befolkning ved utgangen av kvartalet,2024K1,719852
0301,Folketallet11,2024K2,Oslo - Oslove,Befolkning ved utgangen av kvartalet,2024K2,720568
0301,Folketallet11,2024K3,Oslo - Oslove,Befolkning ved utgangen av kvartalet,2024K3,723196
0301,Folketallet11,2024K4,Oslo - Oslove,Befolkning ved utgangen av kvartalet,2024K4,724290
0301,Folketallet11,2025K1,Oslo - Oslove,Befolkning ved utgangen av kvartalet,2025K1,725243
0301,Folketallet11,2025K2,Oslo - Oslove,Befolkning ved utgangen av kvartalet,2025K2,725180
0301,Folketallet11,2025K3,Oslo - Oslove,Befolkning ved utgangen av kvartalet,2025K3,727797
0301,Folketallet11,2025K4,Oslo - Oslove,Befolkning ved utgangen av kvartalet,2025K4,728714
0301,Folketallet11,2026K1,Oslo - Oslove,Befolkning ved utgangen av kvartalet,2026K1,729799
0301,Fodte2,1997K4,Oslo - Oslove,Fødde,1997K4,1809
0301,Fodte2,1998K1,Oslo - Oslove,Fødde,1998K1,1799
0301,Fodte2,1998K2,Oslo - Oslove,Fødde,1998K2,2055
0301,Fodte2,1998K3,Oslo - Oslove,Fødde,1998K3,1985
0301,Fodte2,1998K4,Oslo - Oslove,Fødde,1998K4,1801
0301,Fodte2,1999K1,Oslo - Oslove,Fødde,1999K1,1881
0301,Fodte2,1999K2,Oslo - Oslove,Fødde,1999K2,2019
0301,Fodte2,1999K3,Oslo - Oslove,Fødde,1999K3,2015
0301,Fodte2,1999K4,Oslo - Oslove,Fødde,1999K4,1785
0301,Fodte2,2000K1,Oslo - Oslove,Fødde,2000K1,1911
0301,Fodte2,2000K2,Oslo - Oslove,Fødde,2000K2,2036
0301,Fodte2,2000K3,Oslo - Oslove,Fødde,2000K3,2028
0301,Fodte2,2000K4,Oslo - Oslove,Fødde,2000K4,1885
0301,Fodte2,2001K1,Oslo - Oslove,Fødde,2001K1,1898
0301,Fodte2,2001K2,Oslo - Oslove,Fødde,2001K2,2080
0301,Fodte2,2001K3,Oslo - Oslove,Fødde,2001K3,1957
0301,Fodte2,2001K4,Oslo - Oslove,Fødde,2001K4,1794
0301,Fodte2,2002K1,Oslo - Oslove,Fødde,2002K1,1852
0301,Fodte2,2002K2,Oslo - Oslove,Fødde,2002K2,1999
0301,Fodte2,2002K3,Oslo - Oslove,Fødde,2002K3,2052
0301,Fodte2,2002K4,Oslo - Oslove,Fødde,2002K4,1910
0301,Fodte2,2003K1,Oslo - Oslove,Fødde,2003K1,1888
0301,Fodte2,2003K2,Oslo - Oslove,Fødde,2003K2,2128
0301,Fodte2,2003K3,Oslo - Oslove,Fødde,2003K3,2214
0301,Fodte2,2003K4,Oslo - Oslove,Fødde,2003K4,2040
0301,Fodte2,2004K1,Oslo - Oslove,Fødde,2004K1,2114
0301,Fodte2,2004K2,Oslo - Oslove,Fødde,2004K2,2223
0301,Fodte2,2004K3,Oslo - Oslove,Fødde,2004K3,2253
0301,Fodte2,2004K4,Oslo - Oslove,Fødde,2004K4,2075
0301,Fodte2,2005K1,Oslo - Oslove,Fødde,2005K1,2009
0301,Fodte2,2005K2,Oslo - Oslove,Fødde,2005K2,2427
0301,Fodte2,2005K3,Oslo - Oslove,Fødde,2005K3,2373
0301,Fodte2,2005K4,Oslo - Oslove,Fødde,2005K4,2146
0301,Fodte2,2006K1,Oslo - Oslove,Fødde,2006K1,2333
0301,Fodte2,2006K2,Oslo - Oslove,Fødde,2006K2,2392
0301,Fodte2,2006K3,Oslo - Oslove,Fødde,2006K3,2484
0301,Fodte2,2006K4,Oslo - Oslove,Fødde,2006K4,2203
0301,Fodte2,2007K1,Oslo - Oslove,Fødde,2007K1,2336
0301,Fodte2,2007K2,Oslo - Oslove,Fødde,2007K2,2490
0301,Fodte2,2007K3,Oslo - Oslove,Fødde,2007K3,2400
0301,Fodte2,2007K4,Oslo - Oslove,Fødde,2007K4,2232
0301,Fodte2,2008K1,Oslo - Oslove,Fødde,2008K1,2397
0301,Fodte2,2008K2,Oslo - Oslove,Fødde,2008K2,2648
0301,Fodte2,2008K3,Oslo - Oslove,Fødde,2008K3,2608
0301,Fodte2,2008K4,Oslo - Oslove,Fødde,2008K4,2302
0301,Fodte2,2009K1,Oslo - Oslove,Fødde,2009K1,2479
0301,Fodte2,2009K2,Oslo - Oslove,Fødde,2009K2,2581
0301,Fodte2,2009K3,Oslo - Oslove,Fødde,2009K3,2728
0301,Fodte2,2009K4,Oslo - Oslove,Fødde,2009K4,2473
0301,Fodte2,2010K1,Oslo - Oslove,Fødde,2010K1,2440
0301,Fodte2,2010K2,Oslo - Oslove,Fødde,2010K2,2647
0301,Fodte2,2010K3,Oslo - Oslove,Fødde,2010K3,2708
0301,Fodte2,2010K4,Oslo - Oslove,Fødde,2010K4,2470
0301,Fodte2,2011K1,Oslo - Oslove,Fødde,2011K1,2413
0301,Fodte2,2011K2,Oslo - Oslove,Fødde,2011K2,2700
0301,Fodte2,2011K3,Oslo - Oslove,Fødde,2011K3,2717
0301,Fodte2,2011K4,Oslo - Oslove,Fødde,2011K4,2333
0301,Fodte2,2012K1,Oslo - Oslove,Fødde,2012K1,2459
0301,Fodte2,2012K2,Oslo - Oslove,Fødde,2012K2,2615
0301,Fodte2,2012K3,Oslo - Oslove,Fødde,2012K3,2713
0301,Fodte2,2012K4,Oslo - Oslove,Fødde,2012K4,2341
0301,Fodte2,2013K1,Oslo - Oslove,Fødde,2013K1,2334
0301,Fodte2,2013K2,Oslo - Oslove,Fødde,2013K2,2568
0301,Fodte2,2013K3,Oslo - Oslove,Fødde,2013K3,2680
0301,Fodte2,2013K4,Oslo - Oslove,Fødde,2013K4,2290
0301,Fodte2,2014K1,Oslo - Oslove,Fødde,2014K1,2472
0301,Fodte2,2014K2,Oslo - Oslove,Fødde,2014K2,2662
0301,Fodte2,2014K3,Oslo - Oslove,Fødde,2014K3,2688
0301,Fodte2,2014K4,Oslo - Oslove,Fødde,2014K4,2335
0301,Fodte2,2015K1,Oslo - Oslove,Fødde,2015K1,2359
0301,Fodte2,2015K2,Oslo - Oslove,Fødde,2015K2,2655
0301,Fodte2,2015K3,Oslo - Oslove,Fødde,2015K3,2702
0301,Fodte2,2015K4,Oslo - Oslove,Fødde,2015K4,2178
0301,Fodte2,2016K1,Oslo - Oslove,Fødde,2016K1,2388
0301,Fodte2,2016K2,Oslo - Oslove,Fødde,2016K2,2863
0301,Fodte2,2016K3,Oslo - Oslove,Fødde,2016K3,2631
0301,Fodte2,2016K4,Oslo - Oslove,Fødde,2016K4,2159
0301,Fodte2,2017K1,Oslo - Oslove,Fødde,2017K1,2279
0301,Fodte2,2017K2,Oslo - Oslove,Fødde,2017K2,2537
0301,Fodte2,2017K3,Oslo - Oslove,Fødde,2017K3,2562
0301,Fodte2,2017K4,Oslo - Oslove,Fødde,2017K4,2169
0301,Fodte2,2018K1,Oslo - Oslove,Fødde,2018K1,2209
0301,Fodte2,2018K2,Oslo - Oslove,Fødde,2018K2,2600
0301,Fodte2,2018K3,Oslo - Oslove,Fødde,2018K3,2499
0301,Fodte2,2018K4,Oslo - Oslove,Fødde,2018K4,1996
0301,Fodte2,2019K1,Oslo - Oslove,Fødde,2019K1,2266
0301,Fodte2,2019K2,Oslo - Oslove,Fødde,2019K2,2490
0301,Fodte2,2019K3,Oslo - Oslove,Fødde,2019K3,2490
0301,Fodte2,2019K4,Oslo - Oslove,Fødde,2019K4,2093
0301,Fodte2,2020K1,Oslo - Oslove,Fødde,2020K1,2230
0301,Fodte2,2020K2,Oslo - Oslove,Fødde,2020K2,2518
0301,Fodte2,2020K3,Oslo - Oslove,Fødde,2020K3,2447
0301,Fodte2,2020K4,Oslo - Oslove,Fødde,2020K4,2016
0301,Fodte2,2021K1,Oslo - Oslove,Fødde,2021K1,2391
0301,Fodte2,2021K2,Oslo - Oslove,Fødde,2021K2,2572
0301,Fodte2,2021K3,Oslo - Oslove,Fødde,2021K3,2512
0301,Fodte2,2021K4,Oslo - Oslove,Fødde,2021K4,2107
0301,Fodte2,2022K1,Oslo - Oslove,Fødde,2022K1,2032
0301,Fodte2,2022K2,Oslo - Oslove,Fødde,2022K2,2147
0301,Fodte2,2022K3,Oslo - Oslove,Fødde,2022K3,2323
0301,Fodte2,2022K4,Oslo - Oslove,Fødde,2022K4,1924
0301,Fodte2,2023K1,Oslo - Oslove,Fødde,2023K1,1957
0301,Fodte2,2023K2,Oslo - Oslove,Fødde,2023K2,2352
0301,Fodte2,2023K3,Oslo - Oslove,Fødde,2023K3,2266
0301,Fodte2,2023K4,Oslo - Oslove,Fødde,2023K4,1980
0301,Fodte2,2024K1,Oslo - Oslove,Fødde,2024K1,2186
0301,Fodte2,2024K2,Oslo - Oslove,Fødde,2024K2,2456
0301,Fodte2,2024K3,Oslo - Oslove,Fødde,2024K3,2493
0301,Fodte2,2024K4,Oslo - Oslove,Fødde,2024K4,1964
0301,Fodte2,2025K1,Oslo - Oslove,Fødde,2025K1,2079
0301,Fodte2,2025K2,Oslo - Oslove,Fødde,2025K2,2461
0301,Fodte2,2025K3,Oslo - Oslove,Fødde,2025K3,2665
0301,Fodte2,2025K4,Oslo - Oslove,Fødde,2025K4,2079
0301,Fodte2,2026K1,Oslo - Oslove,Fødde,2026K1,2244
0301,Dode3,1997K4,Oslo - Oslove,Døde,1997K4,1361
0301,Dode3,1998K1,Oslo - Oslove,Døde,1998K1,1466
0301,Dode3,1998K2,Oslo - Oslove,Døde,1998K2,1251
0301,Dode3,1998K3,Oslo - Oslove,Døde,1998K3,1273
0301,Dode3,1998K4,Oslo - Oslove,Døde,1998K4,1401
0301,Dode3,1999K1,Oslo - Oslove,Døde,1999K1,1659
0301,Dode3,1999K2,Oslo - Oslove,Døde,1999K2,1222
0301,Dode3,1999K3,Oslo - Oslove,Døde,1999K3,1249
0301,Dode3,1999K4,Oslo - Oslove,Døde,1999K4,1383
0301,Dode3,2000K1,Oslo - Oslove,Døde,2000K1,1463
0301,Dode3,2000K2,Oslo - Oslove,Døde,2000K2,1270
0301,Dode3,2000K3,Oslo - Oslove,Døde,2000K3,1298
0301,Dode3,2000K4,Oslo - Oslove,Døde,2000K4,1308
0301,Dode3,2001K1,Oslo - Oslove,Døde,2001K1,1469
0301,Dode3,2001K2,Oslo - Oslove,Døde,2001K2,1304
0301,Dode3,2001K3,Oslo - Oslove,Døde,2001K3,1290
0301,Dode3,2001K4,Oslo - Oslove,Døde,2001K4,1338
0301,Dode3,2002K1,Oslo - Oslove,Døde,2002K1,1443
0301,Dode3,2002K2,Oslo - Oslove,Døde,2002K2,1215
0301,Dode3,2002K3,Oslo - Oslove,Døde,2002K3,1239
0301,Dode3,2002K4,Oslo - Oslove,Døde,2002K4,1434
0301,Dode3,2003K1,Oslo - Oslove,Døde,2003K1,1328
0301,Dode3,2003K2,Oslo - Oslove,Døde,2003K2,1230
0301,Dode3,2003K3,Oslo - Oslove,Døde,2003K3,1217
0301,Dode3,2003K4,Oslo - Oslove,Døde,2003K4,1312
0301,Dode3,2004K1,Oslo - Oslove,Døde,2004K1,1311
0301,Dode3,2004K2,Oslo - Oslove,Døde,2004K2,1198
0301,Dode3,2004K3,Oslo - Oslove,Døde,2004K3,1243
0301,Dode3,2004K4,Oslo - Oslove,Døde,2004K4,1226
0301,Dode3,2005K1,Oslo - Oslove,Døde,2005K1,1331
0301,Dode3,2005K2,Oslo - Oslove,Døde,2005K2,1109
0301,Dode3,2005K3,Oslo - Oslove,Døde,2005K3,1203
0301,Dode3,2005K4,Oslo - Oslove,Døde,2005K4,1213
0301,Dode3,2006K1,Oslo - Oslove,Døde,2006K1,1216
0301,Dode3,2006K2,Oslo - Oslove,Døde,2006K2,1140
0301,Dode3,2006K3,Oslo - Oslove,Døde,2006K3,1151
0301,Dode3,2006K4,Oslo - Oslove,Døde,2006K4,1167
0301,Dode3,2007K1,Oslo - Oslove,Døde,2007K1,1275
0301,Dode3,2007K2,Oslo - Oslove,Døde,2007K2,1097
0301,Dode3,2007K3,Oslo - Oslove,Døde,2007K3,1056
0301,Dode3,2007K4,Oslo - Oslove,Døde,2007K4,1137
0301,Dode3,2008K1,Oslo - Oslove,Døde,2008K1,1223
0301,Dode3,2008K2,Oslo - Oslove,Døde,2008K2,1090
0301,Dode3,2008K3,Oslo - Oslove,Døde,2008K3,1086
0301,Dode3,2008K4,Oslo - Oslove,Døde,2008K4,1155
0301,Dode3,2009K1,Oslo - Oslove,Døde,2009K1,1195
0301,Dode3,2009K2,Oslo - Oslove,Døde,2009K2,1060
0301,Dode3,2009K3,Oslo - Oslove,Døde,2009K3,1067
0301,Dode3,2009K4,Oslo - Oslove,Døde,2009K4,1071
0301,Dode3,2010K1,Oslo - Oslove,Døde,2010K1,1142
0301,Dode3,2010K2,Oslo - Oslove,Døde,2010K2,1012
0301,Dode3,2010K3,Oslo - Oslove,Døde,2010K3,1048
0301,Dode3,2010K4,Oslo - Oslove,Døde,2010K4,1111
0301,Dode3,2011K1,Oslo - Oslove,Døde,2011K1,1156
0301,Dode3,2011K2,Oslo - Oslove,Døde,2011K2,1053
0301,Dode3,2011K3,Oslo - Oslove,Døde,2011K3,1052
0301,Dode3,2011K4,Oslo - Oslove,Døde,2011K4,1095
0301,Dode3,2012K1,Oslo - Oslove,Døde,2012K1,1200
0301,Dode3,2012K2,Oslo - Oslove,Døde,2012K2,1012
0301,Dode3,2012K3,Oslo - Oslove,Døde,2012K3,1059
0301,Dode3,2012K4,Oslo - Oslove,Døde,2012K4,1096
0301,Dode3,2013K1,Oslo - Oslove,Døde,2013K1,1155
0301,Dode3,2013K2,Oslo - Oslove,Døde,2013K2,1000
0301,Dode3,2013K3,Oslo - Oslove,Døde,2013K3,1004
0301,Dode3,2013K4,Oslo - Oslove,Døde,2013K4,999
0301,Dode3,2014K1,Oslo - Oslove,Døde,2014K1,1010
0301,Dode3,2014K2,Oslo - Oslove,Døde,2014K2,969
0301,Dode3,2014K3,Oslo - Oslove,Døde,2014K3,943
0301,Dode3,2014K4,Oslo - Oslove,Døde,2014K4,1038
0301,Dode3,2015K1,Oslo - Oslove,Døde,2015K1,1136
0301,Dode3,2015K2,Oslo - Oslove,Døde,2015K2,927
0301,Dode3,2015K3,Oslo - Oslove,Døde,2015K3,956
0301,Dode3,2015K4,Oslo - Oslove,Døde,2015K4,1029
0301,Dode3,2016K1,Oslo - Oslove,Døde,2016K1,1069
0301,Dode3,2016K2,Oslo - Oslove,Døde,2016K2,967
0301,Dode3,2016K3,Oslo - Oslove,Døde,2016K3,937
0301,Dode3,2016K4,Oslo - Oslove,Døde,2016K4,1069
0301,Dode3,2017K1,Oslo - Oslove,Døde,2017K1,1092
0301,Dode3,2017K2,Oslo - Oslove,Døde,2017K2,903
0301,Dode3,2017K3,Oslo - Oslove,Døde,2017K3,948
0301,Dode3,2017K4,Oslo - Oslove,Døde,2017K4,1014
0301,Dode3,2018K1,Oslo - Oslove,Døde,2018K1,1067
0301,Dode3,2018K2,Oslo - Oslove,Døde,2018K2,901
0301,Dode3,2018K3,Oslo - Oslove,Døde,2018K3,955
0301,Dode3,2018K4,Oslo - Oslove,Døde,2018K4,975
0301,Dode3,2019K1,Oslo - Oslove,Døde,2019K1,1077
0301,Dode3,2019K2,Oslo - Oslove,Døde,2019K2,892
0301,Dode3,2019K3,Oslo - Oslove,Døde,2019K3,878
0301,Dode3,2019K4,Oslo - Oslove,Døde,2019K4,950
0301,Dode3,2020K1,Oslo - Oslove,Døde,2020K1,1006
0301,Dode3,2020K2,Oslo - Oslove,Døde,2020K2,965
0301,Dode3,2020K3,Oslo - Oslove,Døde,2020K3,902
0301,Dode3,2020K4,Oslo - Oslove,Døde,2020K4,996
0301,Dode3,2021K1,Oslo - Oslove,Døde,2021K1,984
0301,Dode3,2021K2,Oslo - Oslove,Døde,2021K2,902
0301,Dode3,2021K3,Oslo - Oslove,Døde,2021K3,985
0301,Dode3,2021K4,Oslo - Oslove,Døde,2021K4,1151
0301,Dode3,2022K1,Oslo - Oslove,Døde,2022K1,1082
0301,Dode3,2022K2,Oslo - Oslove,Døde,2022K2,931
0301,Dode3,2022K3,Oslo - Oslove,Døde,2022K3,986
0301,Dode3,2022K4,Oslo - Oslove,Døde,2022K4,1156
0301,Dode3,2023K1,Oslo - Oslove,Døde,2023K1,1049
0301,Dode3,2023K2,Oslo - Oslove,Døde,2023K2,977
0301,Dode3,2023K3,Oslo - Oslove,Døde,2023K3,909
0301,Dode3,2023K4,Oslo - Oslove,Døde,2023K4,1085
0301,Dode3,2024K1,Oslo - Oslove,Døde,2024K1,1055
0301,Dode3,2024K2,Oslo - Oslove,Døde,2024K2,925
0301,Dode3,2024K3,Oslo - Oslove,Døde,2024K3,946
0301,Dode3,2024K4,Oslo - Oslove,Døde,2024K4,1024
0301,Dode3,2025K1,Oslo - Oslove,Døde,2025K1,1087
0301,Dode3,2025K2,Oslo - Oslove,Døde,2025K2,913
0301,Dode3,2025K3,Oslo - Oslove,Døde,2025K3,978
0301,Dode3,2025K4,Oslo - Oslove,Døde,2025K4,1058
0301,Dode3,2026K1,Oslo - Oslove,Døde,2026K1,1129
0301,Fodselsoverskudd4,1997K4,Oslo - Oslove,Fødselsoverskot,1997K4,448
0301,Fodselsoverskudd4,1998K1,Oslo - Oslove,Fødselsoverskot,1998K1,333
0301,Fodselsoverskudd4,1998K2,Oslo - Oslove,Fødselsoverskot,1998K2,804
0301,Fodselsoverskudd4,1998K3,Oslo - Oslove,Fødselsoverskot,1998K3,712
0301,Fodselsoverskudd4,1998K4,Oslo - Oslove,Fødselsoverskot,1998K4,400
0301,Fodselsoverskudd4,1999K1,Oslo - Oslove,Fødselsoverskot,1999K1,222
0301,Fodselsoverskudd4,1999K2,Oslo - Oslove,Fødselsoverskot,1999K2,797
0301,Fodselsoverskudd4,1999K3,Oslo - Oslove,Fødselsoverskot,1999K3,766
0301,Fodselsoverskudd4,1999K4,Oslo - Oslove,Fødselsoverskot,1999K4,402
0301,Fodselsoverskudd4,2000K1,Oslo - Oslove,Fødselsoverskot,2000K1,448
0301,Fodselsoverskudd4,2000K2,Oslo - Oslove,Fødselsoverskot,2000K2,766
0301,Fodselsoverskudd4,2000K3,Oslo - Oslove,Fødselsoverskot,2000K3,730
0301,Fodselsoverskudd4,2000K4,Oslo - Oslove,Fødselsoverskot,2000K4,577
0301,Fodselsoverskudd4,2001K1,Oslo - Oslove,Fødselsoverskot,2001K1,429
0301,Fodselsoverskudd4,2001K2,Oslo - Oslove,Fødselsoverskot,2001K2,776
0301,Fodselsoverskudd4,2001K3,Oslo - Oslove,Fødselsoverskot,2001K3,667
0301,Fodselsoverskudd4,2001K4,Oslo - Oslove,Fødselsoverskot,2001K4,456
0301,Fodselsoverskudd4,2002K1,Oslo - Oslove,Fødselsoverskot,2002K1,409
0301,Fodselsoverskudd4,2002K2,Oslo - Oslove,Fødselsoverskot,2002K2,784
0301,Fodselsoverskudd4,2002K3,Oslo - Oslove,Fødselsoverskot,2002K3,813
0301,Fodselsoverskudd4,2002K4,Oslo - Oslove,Fødselsoverskot,2002K4,476
0301,Fodselsoverskudd4,2003K1,Oslo - Oslove,Fødselsoverskot,2003K1,560
0301,Fodselsoverskudd4,2003K2,Oslo - Oslove,Fødselsoverskot,2003K2,898
0301,Fodselsoverskudd4,2003K3,Oslo - Oslove,Fødselsoverskot,2003K3,997
0301,Fodselsoverskudd4,2003K4,Oslo - Oslove,Fødselsoverskot,2003K4,728
0301,Fodselsoverskudd4,2004K1,Oslo - Oslove,Fødselsoverskot,2004K1,803
0301,Fodselsoverskudd4,2004K2,Oslo - Oslove,Fødselsoverskot,2004K2,1025
0301,Fodselsoverskudd4,2004K3,Oslo - Oslove,Fødselsoverskot,2004K3,1010
0301,Fodselsoverskudd4,2004K4,Oslo - Oslove,Fødselsoverskot,2004K4,849
0301,Fodselsoverskudd4,2005K1,Oslo - Oslove,Fødselsoverskot,2005K1,678
0301,Fodselsoverskudd4,2005K2,Oslo - Oslove,Fødselsoverskot,2005K2,1318
0301,Fodselsoverskudd4,2005K3,Oslo - Oslove,Fødselsoverskot,2005K3,1170
0301,Fodselsoverskudd4,2005K4,Oslo - Oslove,Fødselsoverskot,2005K4,933
0301,Fodselsoverskudd4,2006K1,Oslo - Oslove,Fødselsoverskot,2006K1,1117
0301,Fodselsoverskudd4,2006K2,Oslo - Oslove,Fødselsoverskot,2006K2,1252
0301,Fodselsoverskudd4,2006K3,Oslo - Oslove,Fødselsoverskot,2006K3,1333
0301,Fodselsoverskudd4,2006K4,Oslo - Oslove,Fødselsoverskot,2006K4,1036
0301,Fodselsoverskudd4,2007K1,Oslo - Oslove,Fødselsoverskot,2007K1,1061
0301,Fodselsoverskudd4,2007K2,Oslo - Oslove,Fødselsoverskot,2007K2,1393
0301,Fodselsoverskudd4,2007K3,Oslo - Oslove,Fødselsoverskot,2007K3,1344
0301,Fodselsoverskudd4,2007K4,Oslo - Oslove,Fødselsoverskot,2007K4,1095
0301,Fodselsoverskudd4,2008K1,Oslo - Oslove,Fødselsoverskot,2008K1,1174
0301,Fodselsoverskudd4,2008K2,Oslo - Oslove,Fødselsoverskot,2008K2,1558
0301,Fodselsoverskudd4,2008K3,Oslo - Oslove,Fødselsoverskot,2008K3,1522
0301,Fodselsoverskudd4,2008K4,Oslo - Oslove,Fødselsoverskot,2008K4,1147
0301,Fodselsoverskudd4,2009K1,Oslo - Oslove,Fødselsoverskot,2009K1,1284
0301,Fodselsoverskudd4,2009K2,Oslo - Oslove,Fødselsoverskot,2009K2,1521
0301,Fodselsoverskudd4,2009K3,Oslo - Oslove,Fødselsoverskot,2009K3,1661
0301,Fodselsoverskudd4,2009K4,Oslo - Oslove,Fødselsoverskot,2009K4,1402
0301,Fodselsoverskudd4,2010K1,Oslo - Oslove,Fødselsoverskot,2010K1,1298
0301,Fodselsoverskudd4,2010K2,Oslo - Oslove,Fødselsoverskot,2010K2,1635
0301,Fodselsoverskudd4,2010K3,Oslo - Oslove,Fødselsoverskot,2010K3,1660
0301,Fodselsoverskudd4,2010K4,Oslo - Oslove,Fødselsoverskot,2010K4,1359
0301,Fodselsoverskudd4,2011K1,Oslo - Oslove,Fødselsoverskot,2011K1,1257
0301,Fodselsoverskudd4,2011K2,Oslo - Oslove,Fødselsoverskot,2011K2,1647
0301,Fodselsoverskudd4,2011K3,Oslo - Oslove,Fødselsoverskot,2011K3,1665
0301,Fodselsoverskudd4,2011K4,Oslo - Oslove,Fødselsoverskot,2011K4,1238
0301,Fodselsoverskudd4,2012K1,Oslo - Oslove,Fødselsoverskot,2012K1,1259
0301,Fodselsoverskudd4,2012K2,Oslo - Oslove,Fødselsoverskot,2012K2,1603
0301,Fodselsoverskudd4,2012K3,Oslo - Oslove,Fødselsoverskot,2012K3,1654
0301,Fodselsoverskudd4,2012K4,Oslo - Oslove,Fødselsoverskot,2012K4,1245
0301,Fodselsoverskudd4,2013K1,Oslo - Oslove,Fødselsoverskot,2013K1,1179
0301,Fodselsoverskudd4,2013K2,Oslo - Oslove,Fødselsoverskot,2013K2,1568
0301,Fodselsoverskudd4,2013K3,Oslo - Oslove,Fødselsoverskot,2013K3,1676
0301,Fodselsoverskudd4,2013K4,Oslo - Oslove,Fødselsoverskot,2013K4,1291
0301,Fodselsoverskudd4,2014K1,Oslo - Oslove,Fødselsoverskot,2014K1,1462
0301,Fodselsoverskudd4,2014K2,Oslo - Oslove,Fødselsoverskot,2014K2,1693
0301,Fodselsoverskudd4,2014K3,Oslo - Oslove,Fødselsoverskot,2014K3,1745
0301,Fodselsoverskudd4,2014K4,Oslo - Oslove,Fødselsoverskot,2014K4,1297
0301,Fodselsoverskudd4,2015K1,Oslo - Oslove,Fødselsoverskot,2015K1,1223
0301,Fodselsoverskudd4,2015K2,Oslo - Oslove,Fødselsoverskot,2015K2,1728
0301,Fodselsoverskudd4,2015K3,Oslo - Oslove,Fødselsoverskot,2015K3,1746
0301,Fodselsoverskudd4,2015K4,Oslo - Oslove,Fødselsoverskot,2015K4,1149
0301,Fodselsoverskudd4,2016K1,Oslo - Oslove,Fødselsoverskot,2016K1,1319
0301,Fodselsoverskudd4,2016K2,Oslo - Oslove,Fødselsoverskot,2016K2,1896
0301,Fodselsoverskudd4,2016K3,Oslo - Oslove,Fødselsoverskot,2016K3,1694
0301,Fodselsoverskudd4,2016K4,Oslo - Oslove,Fødselsoverskot,2016K4,1090
0301,Fodselsoverskudd4,2017K1,Oslo - Oslove,Fødselsoverskot,2017K1,1187
0301,Fodselsoverskudd4,2017K2,Oslo - Oslove,Fødselsoverskot,2017K2,1634
0301,Fodselsoverskudd4,2017K3,Oslo - Oslove,Fødselsoverskot,2017K3,1614
0301,Fodselsoverskudd4,2017K4,Oslo - Oslove,Fødselsoverskot,2017K4,1155
0301,Fodselsoverskudd4,2018K1,Oslo - Oslove,Fødselsoverskot,2018K1,1142
0301,Fodselsoverskudd4,2018K2,Oslo - Oslove,Fødselsoverskot,2018K2,1699
0301,Fodselsoverskudd4,2018K3,Oslo - Oslove,Fødselsoverskot,2018K3,1544
0301,Fodselsoverskudd4,2018K4,Oslo - Oslove,Fødselsoverskot,2018K4,1021
0301,Fodselsoverskudd4,2019K1,Oslo - Oslove,Fødselsoverskot,2019K1,1189
0301,Fodselsoverskudd4,2019K2,Oslo - Oslove,Fødselsoverskot,2019K2,1598
0301,Fodselsoverskudd4,2019K3,Oslo - Oslove,Fødselsoverskot,2019K3,1612
0301,Fodselsoverskudd4,2019K4,Oslo - Oslove,Fødselsoverskot,2019K4,1143
0301,Fodselsoverskudd4,2020K1,Oslo - Oslove,Fødselsoverskot,2020K1,1224
0301,Fodselsoverskudd4,2020K2,Oslo - Oslove,Fødselsoverskot,2020K2,1553
0301,Fodselsoverskudd4,2020K3,Oslo - Oslove,Fødselsoverskot,2020K3,1545
0301,Fodselsoverskudd4,2020K4,Oslo - Oslove,Fødselsoverskot,2020K4,1020
0301,Fodselsoverskudd4,2021K1,Oslo - Oslove,Fødselsoverskot,2021K1,1407
0301,Fodselsoverskudd4,2021K2,Oslo - Oslove,Fødselsoverskot,2021K2,1670
0301,Fodselsoverskudd4,2021K3,Oslo - Oslove,Fødselsoverskot,2021K3,1527
0301,Fodselsoverskudd4,2021K4,Oslo - Oslove,Fødselsoverskot,2021K4,956
0301,Fodselsoverskudd4,2022K1,Oslo - Oslove,Fødselsoverskot,2022K1,950
0301,Fodselsoverskudd4,2022K2,Oslo - Oslove,Fødselsoverskot,2022K2,1216
0301,Fodselsoverskudd4,2022K3,Oslo - Oslove,Fødselsoverskot,2022K3,1337
0301,Fodselsoverskudd4,2022K4,Oslo - Oslove,Fødselsoverskot,2022K4,768
0301,Fodselsoverskudd4,2023K1,Oslo - Oslove,Fødselsoverskot,2023K1,908
0301,Fodselsoverskudd4,2023K2,Oslo - Oslove,Fødselsoverskot,2023K2,1375
0301,Fodselsoverskudd4,2023K3,Oslo - Oslove,Fødselsoverskot,2023K3,1357
0301,Fodselsoverskudd4,2023K4,Oslo - Oslove,Fødselsoverskot,2023K4,895
0301,Fodselsoverskudd4,2024K1,Oslo - Oslove,Fødselsoverskot,2024K1,1131
0301,Fodselsoverskudd4,2024K2,Oslo - Oslove,Fødselsoverskot,2024K2,1531
0301,Fodselsoverskudd4,2024K3,Oslo - Oslove,Fødselsoverskot,2024K3,1547
0301,Fodselsoverskudd4,2024K4,Oslo - Oslove,Fødselsoverskot,2024K4,940
0301,Fodselsoverskudd4,2025K1,Oslo - Oslove,Fødselsoverskot,2025K1,992
0301,Fodselsoverskudd4,2025K2,Oslo - Oslove,Fødselsoverskot,2025K2,1548
0301,Fodselsoverskudd4,2025K3,Oslo - Oslove,Fødselsoverskot,2025K3,1687
0301,Fodselsoverskudd4,2025K4,Oslo - Oslove,Fødselsoverskot,2025K4,1021
0301,Fodselsoverskudd4,2026K1,Oslo - Oslove,Fødselsoverskot,2026K1,1115
0301,Innvandring5,1997K4,Oslo - Oslove,Innvandring,1997K4,1743
0301,Innvandring5,1998K1,Oslo - Oslove,Innvandring,1998K1,2063
0301,Innvandring5,1998K2,Oslo - Oslove,Innvandring,1998K2,1879
0301,Innvandring5,1998K3,Oslo - Oslove,Innvandring,1998K3,2819
0301,Innvandring5,1998K4,Oslo - Oslove,Innvandring,1998K4,2037
0301,Innvandring5,1999K1,Oslo - Oslove,Innvandring,1999K1,1948
0301,Innvandring5,1999K2,Oslo - Oslove,Innvandring,1999K2,1738
0301,Innvandring5,1999K3,Oslo - Oslove,Innvandring,1999K3,2884
0301,Innvandring5,1999K4,Oslo - Oslove,Innvandring,1999K4,1902
0301,Innvandring5,2000K1,Oslo - Oslove,Innvandring,2000K1,2074
0301,Innvandring5,2000K2,Oslo - Oslove,Innvandring,2000K2,1810
0301,Innvandring5,2000K3,Oslo - Oslove,Innvandring,2000K3,2709
0301,Innvandring5,2000K4,Oslo - Oslove,Innvandring,2000K4,1558
0301,Innvandring5,2001K1,Oslo - Oslove,Innvandring,2001K1,1792
0301,Innvandring5,2001K2,Oslo - Oslove,Innvandring,2001K2,1623
0301,Innvandring5,2001K3,Oslo - Oslove,Innvandring,2001K3,2457
0301,Innvandring5,2001K4,Oslo - Oslove,Innvandring,2001K4,2098
0301,Innvandring5,2002K1,Oslo - Oslove,Innvandring,2002K1,2154
0301,Innvandring5,2002K2,Oslo - Oslove,Innvandring,2002K2,2168
0301,Innvandring5,2002K3,Oslo - Oslove,Innvandring,2002K3,3064
0301,Innvandring5,2002K4,Oslo - Oslove,Innvandring,2002K4,2229
0301,Innvandring5,2003K1,Oslo - Oslove,Innvandring,2003K1,2038
0301,Innvandring5,2003K2,Oslo - Oslove,Innvandring,2003K2,1811
0301,Innvandring5,2003K3,Oslo - Oslove,Innvandring,2003K3,2401
0301,Innvandring5,2003K4,Oslo - Oslove,Innvandring,2003K4,1684
0301,Innvandring5,2004K1,Oslo - Oslove,Innvandring,2004K1,1849
0301,Innvandring5,2004K2,Oslo - Oslove,Innvandring,2004K2,1787
0301,Innvandring5,2004K3,Oslo - Oslove,Innvandring,2004K3,2864
0301,Innvandring5,2004K4,Oslo - Oslove,Innvandring,2004K4,1967
0301,Innvandring5,2005K1,Oslo - Oslove,Innvandring,2005K1,2059
0301,Innvandring5,2005K2,Oslo - Oslove,Innvandring,2005K2,2069
0301,Innvandring5,2005K3,Oslo - Oslove,Innvandring,2005K3,2967
0301,Innvandring5,2005K4,Oslo - Oslove,Innvandring,2005K4,2408
0301,Innvandring5,2006K1,Oslo - Oslove,Innvandring,2006K1,2598
0301,Innvandring5,2006K2,Oslo - Oslove,Innvandring,2006K2,2239
0301,Innvandring5,2006K3,Oslo - Oslove,Innvandring,2006K3,3284
0301,Innvandring5,2006K4,Oslo - Oslove,Innvandring,2006K4,2653
0301,Innvandring5,2007K1,Oslo - Oslove,Innvandring,2007K1,2887
0301,Innvandring5,2007K2,Oslo - Oslove,Innvandring,2007K2,2536
0301,Innvandring5,2007K3,Oslo - Oslove,Innvandring,2007K3,4037
0301,Innvandring5,2007K4,Oslo - Oslove,Innvandring,2007K4,4220
0301,Innvandring5,2008K1,Oslo - Oslove,Innvandring,2008K1,4543
0301,Innvandring5,2008K2,Oslo - Oslove,Innvandring,2008K2,3813
0301,Innvandring5,2008K3,Oslo - Oslove,Innvandring,2008K3,4988
0301,Innvandring5,2008K4,Oslo - Oslove,Innvandring,2008K4,3276
0301,Innvandring5,2009K1,Oslo - Oslove,Innvandring,2009K1,3645
0301,Innvandring5,2009K2,Oslo - Oslove,Innvandring,2009K2,2842
0301,Innvandring5,2009K3,Oslo - Oslove,Innvandring,2009K3,4509
0301,Innvandring5,2009K4,Oslo - Oslove,Innvandring,2009K4,3462
0301,Innvandring5,2010K1,Oslo - Oslove,Innvandring,2010K1,4655
0301,Innvandring5,2010K2,Oslo - Oslove,Innvandring,2010K2,3328
0301,Innvandring5,2010K3,Oslo - Oslove,Innvandring,2010K3,5451
0301,Innvandring5,2010K4,Oslo - Oslove,Innvandring,2010K4,3754
0301,Innvandring5,2011K1,Oslo - Oslove,Innvandring,2011K1,6314
0301,Innvandring5,2011K2,Oslo - Oslove,Innvandring,2011K2,3463
0301,Innvandring5,2011K3,Oslo - Oslove,Innvandring,2011K3,5183
0301,Innvandring5,2011K4,Oslo - Oslove,Innvandring,2011K4,3807
0301,Innvandring5,2012K1,Oslo - Oslove,Innvandring,2012K1,4712
0301,Innvandring5,2012K2,Oslo - Oslove,Innvandring,2012K2,2952
0301,Innvandring5,2012K3,Oslo - Oslove,Innvandring,2012K3,4969
0301,Innvandring5,2012K4,Oslo - Oslove,Innvandring,2012K4,4057
0301,Innvandring5,2013K1,Oslo - Oslove,Innvandring,2013K1,4454
0301,Innvandring5,2013K2,Oslo - Oslove,Innvandring,2013K2,3685
0301,Innvandring5,2013K3,Oslo - Oslove,Innvandring,2013K3,4817
0301,Innvandring5,2013K4,Oslo - Oslove,Innvandring,2013K4,3879
0301,Innvandring5,2014K1,Oslo - Oslove,Innvandring,2014K1,4288
0301,Innvandring5,2014K2,Oslo - Oslove,Innvandring,2014K2,3060
0301,Innvandring5,2014K3,Oslo - Oslove,Innvandring,2014K3,4876
0301,Innvandring5,2014K4,Oslo - Oslove,Innvandring,2014K4,3575
0301,Innvandring5,2015K1,Oslo - Oslove,Innvandring,2015K1,3867
0301,Innvandring5,2015K2,Oslo - Oslove,Innvandring,2015K2,2924
0301,Innvandring5,2015K3,Oslo - Oslove,Innvandring,2015K3,4696
0301,Innvandring5,2015K4,Oslo - Oslove,Innvandring,2015K4,3638
0301,Innvandring5,2016K1,Oslo - Oslove,Innvandring,2016K1,3392
0301,Innvandring5,2016K2,Oslo - Oslove,Innvandring,2016K2,2994
0301,Innvandring5,2016K3,Oslo - Oslove,Innvandring,2016K3,3957
0301,Innvandring5,2016K4,Oslo - Oslove,Innvandring,2016K4,2741
0301,Innvandring5,2017K1,Oslo - Oslove,Innvandring,2017K1,3340
0301,Innvandring5,2017K2,Oslo - Oslove,Innvandring,2017K2,2607
0301,Innvandring5,2017K3,Oslo - Oslove,Innvandring,2017K3,3800
0301,Innvandring5,2017K4,Oslo - Oslove,Innvandring,2017K4,3244
0301,Innvandring5,2018K1,Oslo - Oslove,Innvandring,2018K1,3022
0301,Innvandring5,2018K2,Oslo - Oslove,Innvandring,2018K2,2691
0301,Innvandring5,2018K3,Oslo - Oslove,Innvandring,2018K3,3762
0301,Innvandring5,2018K4,Oslo - Oslove,Innvandring,2018K4,3009
0301,Innvandring5,2019K1,Oslo - Oslove,Innvandring,2019K1,3123
0301,Innvandring5,2019K2,Oslo - Oslove,Innvandring,2019K2,2613
0301,Innvandring5,2019K3,Oslo - Oslove,Innvandring,2019K3,3817
0301,Innvandring5,2019K4,Oslo - Oslove,Innvandring,2019K4,3412
0301,Innvandring5,2020K1,Oslo - Oslove,Innvandring,2020K1,2585
0301,Innvandring5,2020K2,Oslo - Oslove,Innvandring,2020K2,1155
0301,Innvandring5,2020K3,Oslo - Oslove,Innvandring,2020K3,3086
0301,Innvandring5,2020K4,Oslo - Oslove,Innvandring,2020K4,1887
0301,Innvandring5,2021K1,Oslo - Oslove,Innvandring,2021K1,2144
0301,Innvandring5,2021K2,Oslo - Oslove,Innvandring,2021K2,2325
0301,Innvandring5,2021K3,Oslo - Oslove,Innvandring,2021K3,3331
0301,Innvandring5,2021K4,Oslo - Oslove,Innvandring,2021K4,3912
0301,Innvandring5,2022K1,Oslo - Oslove,Innvandring,2022K1,3694
0301,Innvandring5,2022K2,Oslo - Oslove,Innvandring,2022K2,3691
0301,Innvandring5,2022K3,Oslo - Oslove,Innvandring,2022K3,4961
0301,Innvandring5,2022K4,Oslo - Oslove,Innvandring,2022K4,3566
0301,Innvandring5,2023K1,Oslo - Oslove,Innvandring,2023K1,3127
0301,Innvandring5,2023K2,Oslo - Oslove,Innvandring,2023K2,2848
0301,Innvandring5,2023K3,Oslo - Oslove,Innvandring,2023K3,3882
0301,Innvandring5,2023K4,Oslo - Oslove,Innvandring,2023K4,2891
0301,Innvandring5,2024K1,Oslo - Oslove,Innvandring,2024K1,2764
0301,Innvandring5,2024K2,Oslo - Oslove,Innvandring,2024K2,2037
0301,Innvandring5,2024K3,Oslo - Oslove,Innvandring,2024K3,3276
0301,Innvandring5,2024K4,Oslo - Oslove,Innvandring,2024K4,2489
0301,Innvandring5,2025K1,Oslo - Oslove,Innvandring,2025K1,2095
0301,Innvandring5,2025K2,Oslo - Oslove,Innvandring,2025K2,1901
0301,Innvandring5,2025K3,Oslo - Oslove,Innvandring,2025K3,3174
0301,Innvandring5,2025K4,Oslo - Oslove,Innvandring,2025K4,2331
0301,Innvandring5,2026K1,Oslo - Oslove,Innvandring,2026K1,2257
0301,Utvandring6,1997K4,Oslo - Oslove,Utvandring,1997K4,1051
0301,Utvandring6,1998K1,Oslo - Oslove,Utvandring,1998K1,1458
0301,Utvandring6,1998K2,Oslo - Oslove,Utvandring,1998K2,980
0301,Utvandring6,1998K3,Oslo - Oslove,Utvandring,1998K3,2177
0301,Utvandring6,1998K4,Oslo - Oslove,Utvandring,1998K4,1823
0301,Utvandring6,1999K1,Oslo - Oslove,Utvandring,1999K1,1429
0301,Utvandring6,1999K2,Oslo - Oslove,Utvandring,1999K2,1165
0301,Utvandring6,1999K3,Oslo - Oslove,Utvandring,1999K3,1836
0301,Utvandring6,1999K4,Oslo - Oslove,Utvandring,1999K4,1365
0301,Utvandring6,2000K1,Oslo - Oslove,Utvandring,2000K1,1362
0301,Utvandring6,2000K2,Oslo - Oslove,Utvandring,2000K2,1456
0301,Utvandring6,2000K3,Oslo - Oslove,Utvandring,2000K3,2349
0301,Utvandring6,2000K4,Oslo - Oslove,Utvandring,2000K4,2377
0301,Utvandring6,2001K1,Oslo - Oslove,Utvandring,2001K1,1456
0301,Utvandring6,2001K2,Oslo - Oslove,Utvandring,2001K2,1443
0301,Utvandring6,2001K3,Oslo - Oslove,Utvandring,2001K3,2078
0301,Utvandring6,2001K4,Oslo - Oslove,Utvandring,2001K4,2304
0301,Utvandring6,2002K1,Oslo - Oslove,Utvandring,2002K1,1270
0301,Utvandring6,2002K2,Oslo - Oslove,Utvandring,2002K2,1255
0301,Utvandring6,2002K3,Oslo - Oslove,Utvandring,2002K3,2004
0301,Utvandring6,2002K4,Oslo - Oslove,Utvandring,2002K4,1391
0301,Utvandring6,2003K1,Oslo - Oslove,Utvandring,2003K1,1569
0301,Utvandring6,2003K2,Oslo - Oslove,Utvandring,2003K2,1652
0301,Utvandring6,2003K3,Oslo - Oslove,Utvandring,2003K3,2218
0301,Utvandring6,2003K4,Oslo - Oslove,Utvandring,2003K4,1640
0301,Utvandring6,2004K1,Oslo - Oslove,Utvandring,2004K1,1805
0301,Utvandring6,2004K2,Oslo - Oslove,Utvandring,2004K2,1360
0301,Utvandring6,2004K3,Oslo - Oslove,Utvandring,2004K3,1905
0301,Utvandring6,2004K4,Oslo - Oslove,Utvandring,2004K4,1827
0301,Utvandring6,2005K1,Oslo - Oslove,Utvandring,2005K1,1721
0301,Utvandring6,2005K2,Oslo - Oslove,Utvandring,2005K2,1704
0301,Utvandring6,2005K3,Oslo - Oslove,Utvandring,2005K3,1912
0301,Utvandring6,2005K4,Oslo - Oslove,Utvandring,2005K4,1179
0301,Utvandring6,2006K1,Oslo - Oslove,Utvandring,2006K1,1746
0301,Utvandring6,2006K2,Oslo - Oslove,Utvandring,2006K2,1080
0301,Utvandring6,2006K3,Oslo - Oslove,Utvandring,2006K3,2241
0301,Utvandring6,2006K4,Oslo - Oslove,Utvandring,2006K4,1719
0301,Utvandring6,2007K1,Oslo - Oslove,Utvandring,2007K1,1752
0301,Utvandring6,2007K2,Oslo - Oslove,Utvandring,2007K2,1576
0301,Utvandring6,2007K3,Oslo - Oslove,Utvandring,2007K3,1892
0301,Utvandring6,2007K4,Oslo - Oslove,Utvandring,2007K4,1586
0301,Utvandring6,2008K1,Oslo - Oslove,Utvandring,2008K1,1144
0301,Utvandring6,2008K2,Oslo - Oslove,Utvandring,2008K2,1707
0301,Utvandring6,2008K3,Oslo - Oslove,Utvandring,2008K3,1861
0301,Utvandring6,2008K4,Oslo - Oslove,Utvandring,2008K4,1882
0301,Utvandring6,2009K1,Oslo - Oslove,Utvandring,2009K1,2325
0301,Utvandring6,2009K2,Oslo - Oslove,Utvandring,2009K2,2188
0301,Utvandring6,2009K3,Oslo - Oslove,Utvandring,2009K3,2466
0301,Utvandring6,2009K4,Oslo - Oslove,Utvandring,2009K4,1271
0301,Utvandring6,2010K1,Oslo - Oslove,Utvandring,2010K1,2741
0301,Utvandring6,2010K2,Oslo - Oslove,Utvandring,2010K2,1855
0301,Utvandring6,2010K3,Oslo - Oslove,Utvandring,2010K3,2857
0301,Utvandring6,2010K4,Oslo - Oslove,Utvandring,2010K4,2229
0301,Utvandring6,2011K1,Oslo - Oslove,Utvandring,2011K1,2682
0301,Utvandring6,2011K2,Oslo - Oslove,Utvandring,2011K2,2110
0301,Utvandring6,2011K3,Oslo - Oslove,Utvandring,2011K3,2844
0301,Utvandring6,2011K4,Oslo - Oslove,Utvandring,2011K4,2389
0301,Utvandring6,2012K1,Oslo - Oslove,Utvandring,2012K1,2156
0301,Utvandring6,2012K2,Oslo - Oslove,Utvandring,2012K2,2052
0301,Utvandring6,2012K3,Oslo - Oslove,Utvandring,2012K3,3898
0301,Utvandring6,2012K4,Oslo - Oslove,Utvandring,2012K4,2697
0301,Utvandring6,2013K1,Oslo - Oslove,Utvandring,2013K1,3091
0301,Utvandring6,2013K2,Oslo - Oslove,Utvandring,2013K2,1987
0301,Utvandring6,2013K3,Oslo - Oslove,Utvandring,2013K3,2905
0301,Utvandring6,2013K4,Oslo - Oslove,Utvandring,2013K4,2660
0301,Utvandring6,2014K1,Oslo - Oslove,Utvandring,2014K1,1988
0301,Utvandring6,2014K2,Oslo - Oslove,Utvandring,2014K2,1701
0301,Utvandring6,2014K3,Oslo - Oslove,Utvandring,2014K3,2280
0301,Utvandring6,2014K4,Oslo - Oslove,Utvandring,2014K4,2746
0301,Utvandring6,2015K1,Oslo - Oslove,Utvandring,2015K1,2239
0301,Utvandring6,2015K2,Oslo - Oslove,Utvandring,2015K2,2179
0301,Utvandring6,2015K3,Oslo - Oslove,Utvandring,2015K3,3304
0301,Utvandring6,2015K4,Oslo - Oslove,Utvandring,2015K4,2771
0301,Utvandring6,2016K1,Oslo - Oslove,Utvandring,2016K1,2232
0301,Utvandring6,2016K2,Oslo - Oslove,Utvandring,2016K2,2212
0301,Utvandring6,2016K3,Oslo - Oslove,Utvandring,2016K3,2788
0301,Utvandring6,2016K4,Oslo - Oslove,Utvandring,2016K4,2595
0301,Utvandring6,2017K1,Oslo - Oslove,Utvandring,2017K1,2709
0301,Utvandring6,2017K2,Oslo - Oslove,Utvandring,2017K2,1965
0301,Utvandring6,2017K3,Oslo - Oslove,Utvandring,2017K3,2479
0301,Utvandring6,2017K4,Oslo - Oslove,Utvandring,2017K4,2374
0301,Utvandring6,2018K1,Oslo - Oslove,Utvandring,2018K1,2592
0301,Utvandring6,2018K2,Oslo - Oslove,Utvandring,2018K2,1595
0301,Utvandring6,2018K3,Oslo - Oslove,Utvandring,2018K3,2422
0301,Utvandring6,2018K4,Oslo - Oslove,Utvandring,2018K4,2305
0301,Utvandring6,2019K1,Oslo - Oslove,Utvandring,2019K1,1627
0301,Utvandring6,2019K2,Oslo - Oslove,Utvandring,2019K2,1563
0301,Utvandring6,2019K3,Oslo - Oslove,Utvandring,2019K3,2316
0301,Utvandring6,2019K4,Oslo - Oslove,Utvandring,2019K4,1375
0301,Utvandring6,2020K1,Oslo - Oslove,Utvandring,2020K1,2711
0301,Utvandring6,2020K2,Oslo - Oslove,Utvandring,2020K2,2028
0301,Utvandring6,2020K3,Oslo - Oslove,Utvandring,2020K3,1732
0301,Utvandring6,2020K4,Oslo - Oslove,Utvandring,2020K4,1365
0301,Utvandring6,2021K1,Oslo - Oslove,Utvandring,2021K1,1662
0301,Utvandring6,2021K2,Oslo - Oslove,Utvandring,2021K2,2880
0301,Utvandring6,2021K3,Oslo - Oslove,Utvandring,2021K3,1646
0301,Utvandring6,2021K4,Oslo - Oslove,Utvandring,2021K4,1937
0301,Utvandring6,2022K1,Oslo - Oslove,Utvandring,2022K1,1430
0301,Utvandring6,2022K2,Oslo - Oslove,Utvandring,2022K2,2002
0301,Utvandring6,2022K3,Oslo - Oslove,Utvandring,2022K3,2846
0301,Utvandring6,2022K4,Oslo - Oslove,Utvandring,2022K4,1603
0301,Utvandring6,2023K1,Oslo - Oslove,Utvandring,2023K1,1538
0301,Utvandring6,2023K2,Oslo - Oslove,Utvandring,2023K2,2416
0301,Utvandring6,2023K3,Oslo - Oslove,Utvandring,2023K3,2220
0301,Utvandring6,2023K4,Oslo - Oslove,Utvandring,2023K4,1727
0301,Utvandring6,2024K1,Oslo - Oslove,Utvandring,2024K1,1790
0301,Utvandring6,2024K2,Oslo - Oslove,Utvandring,2024K2,1705
0301,Utvandring6,2024K3,Oslo - Oslove,Utvandring,2024K3,2115
0301,Utvandring6,2024K4,Oslo - Oslove,Utvandring,2024K4,1438
0301,Utvandring6,2025K1,Oslo - Oslove,Utvandring,2025K1,1632
0301,Utvandring6,2025K2,Oslo - Oslove,Utvandring,2025K2,1743
0301,Utvandring6,2025K3,Oslo - Oslove,Utvandring,2025K3,2006
0301,Utvandring6,2025K4,Oslo - Oslove,Utvandring,2025K4,1554
0301,Utvandring6,2026K1,Oslo - Oslove,Utvandring,2026K1,1666
0301,Tilflytting7,1997K4,Oslo - Oslove,"Innflytting, innalandsk",1997K4,4366
0301,Tilflytting7,1998K1,Oslo - Oslove,"Innflytting, innalandsk",1998K1,4927
0301,Tilflytting7,1998K2,Oslo - Oslove,"Innflytting, innalandsk",1998K2,4229
0301,Tilflytting7,1998K3,Oslo - Oslove,"Innflytting, innalandsk",1998K3,6717
0301,Tilflytting7,1998K4,Oslo - Oslove,"Innflytting, innalandsk",1998K4,4228
0301,Tilflytting7,1999K1,Oslo - Oslove,"Innflytting, innalandsk",1999K1,4735
0301,Tilflytting7,1999K2,Oslo - Oslove,"Innflytting, innalandsk",1999K2,4405
0301,Tilflytting7,1999K3,Oslo - Oslove,"Innflytting, innalandsk",1999K3,6981
0301,Tilflytting7,1999K4,Oslo - Oslove,"Innflytting, innalandsk",1999K4,4720
0301,Tilflytting7,2000K1,Oslo - Oslove,"Innflytting, innalandsk",2000K1,5294
0301,Tilflytting7,2000K2,Oslo - Oslove,"Innflytting, innalandsk",2000K2,4914
0301,Tilflytting7,2000K3,Oslo - Oslove,"Innflytting, innalandsk",2000K3,7628
0301,Tilflytting7,2000K4,Oslo - Oslove,"Innflytting, innalandsk",2000K4,5575
0301,Tilflytting7,2001K1,Oslo - Oslove,"Innflytting, innalandsk",2001K1,6578
0301,Tilflytting7,2001K2,Oslo - Oslove,"Innflytting, innalandsk",2001K2,5377
0301,Tilflytting7,2001K3,Oslo - Oslove,"Innflytting, innalandsk",2001K3,7862
0301,Tilflytting7,2001K4,Oslo - Oslove,"Innflytting, innalandsk",2001K4,5389
0301,Tilflytting7,2002K1,Oslo - Oslove,"Innflytting, innalandsk",2002K1,5747
0301,Tilflytting7,2002K2,Oslo - Oslove,"Innflytting, innalandsk",2002K2,4769
0301,Tilflytting7,2002K3,Oslo - Oslove,"Innflytting, innalandsk",2002K3,7111
0301,Tilflytting7,2002K4,Oslo - Oslove,"Innflytting, innalandsk",2002K4,4867
0301,Tilflytting7,2003K1,Oslo - Oslove,"Innflytting, innalandsk",2003K1,5504
0301,Tilflytting7,2003K2,Oslo - Oslove,"Innflytting, innalandsk",2003K2,4785
0301,Tilflytting7,2003K3,Oslo - Oslove,"Innflytting, innalandsk",2003K3,7433
0301,Tilflytting7,2003K4,Oslo - Oslove,"Innflytting, innalandsk",2003K4,5210
0301,Tilflytting7,2004K1,Oslo - Oslove,"Innflytting, innalandsk",2004K1,5703
0301,Tilflytting7,2004K2,Oslo - Oslove,"Innflytting, innalandsk",2004K2,4965
0301,Tilflytting7,2004K3,Oslo - Oslove,"Innflytting, innalandsk",2004K3,7489
0301,Tilflytting7,2004K4,Oslo - Oslove,"Innflytting, innalandsk",2004K4,6105
0301,Tilflytting7,2005K1,Oslo - Oslove,"Innflytting, innalandsk",2005K1,5180
0301,Tilflytting7,2005K2,Oslo - Oslove,"Innflytting, innalandsk",2005K2,4975
0301,Tilflytting7,2005K3,Oslo - Oslove,"Innflytting, innalandsk",2005K3,8403
0301,Tilflytting7,2005K4,Oslo - Oslove,"Innflytting, innalandsk",2005K4,5361
0301,Tilflytting7,2006K1,Oslo - Oslove,"Innflytting, innalandsk",2006K1,6317
0301,Tilflytting7,2006K2,Oslo - Oslove,"Innflytting, innalandsk",2006K2,5476
0301,Tilflytting7,2006K3,Oslo - Oslove,"Innflytting, innalandsk",2006K3,8614
0301,Tilflytting7,2006K4,Oslo - Oslove,"Innflytting, innalandsk",2006K4,5519
0301,Tilflytting7,2007K1,Oslo - Oslove,"Innflytting, innalandsk",2007K1,6447
0301,Tilflytting7,2007K2,Oslo - Oslove,"Innflytting, innalandsk",2007K2,5442
0301,Tilflytting7,2007K3,Oslo - Oslove,"Innflytting, innalandsk",2007K3,8783
0301,Tilflytting7,2007K4,Oslo - Oslove,"Innflytting, innalandsk",2007K4,5648
0301,Tilflytting7,2008K1,Oslo - Oslove,"Innflytting, innalandsk",2008K1,6182
0301,Tilflytting7,2008K2,Oslo - Oslove,"Innflytting, innalandsk",2008K2,5451
0301,Tilflytting7,2008K3,Oslo - Oslove,"Innflytting, innalandsk",2008K3,7611
0301,Tilflytting7,2008K4,Oslo - Oslove,"Innflytting, innalandsk",2008K4,4912
0301,Tilflytting7,2009K1,Oslo - Oslove,"Innflytting, innalandsk",2009K1,5735
0301,Tilflytting7,2009K2,Oslo - Oslove,"Innflytting, innalandsk",2009K2,4824
0301,Tilflytting7,2009K3,Oslo - Oslove,"Innflytting, innalandsk",2009K3,8638
0301,Tilflytting7,2009K4,Oslo - Oslove,"Innflytting, innalandsk",2009K4,5142
0301,Tilflytting7,2010K1,Oslo - Oslove,"Innflytting, innalandsk",2010K1,5713
0301,Tilflytting7,2010K2,Oslo - Oslove,"Innflytting, innalandsk",2010K2,5080
0301,Tilflytting7,2010K3,Oslo - Oslove,"Innflytting, innalandsk",2010K3,9777
0301,Tilflytting7,2010K4,Oslo - Oslove,"Innflytting, innalandsk",2010K4,5523
0301,Tilflytting7,2011K1,Oslo - Oslove,"Innflytting, innalandsk",2011K1,6387
0301,Tilflytting7,2011K2,Oslo - Oslove,"Innflytting, innalandsk",2011K2,5699
0301,Tilflytting7,2011K3,Oslo - Oslove,"Innflytting, innalandsk",2011K3,10229
0301,Tilflytting7,2011K4,Oslo - Oslove,"Innflytting, innalandsk",2011K4,5902
0301,Tilflytting7,2012K1,Oslo - Oslove,"Innflytting, innalandsk",2012K1,6238
0301,Tilflytting7,2012K2,Oslo - Oslove,"Innflytting, innalandsk",2012K2,5658
0301,Tilflytting7,2012K3,Oslo - Oslove,"Innflytting, innalandsk",2012K3,10246
0301,Tilflytting7,2012K4,Oslo - Oslove,"Innflytting, innalandsk",2012K4,6570
0301,Tilflytting7,2013K1,Oslo - Oslove,"Innflytting, innalandsk",2013K1,6339
0301,Tilflytting7,2013K2,Oslo - Oslove,"Innflytting, innalandsk",2013K2,6260
0301,Tilflytting7,2013K3,Oslo - Oslove,"Innflytting, innalandsk",2013K3,10595
0301,Tilflytting7,2013K4,Oslo - Oslove,"Innflytting, innalandsk",2013K4,5664
0301,Tilflytting7,2014K1,Oslo - Oslove,"Innflytting, innalandsk",2014K1,6159
0301,Tilflytting7,2014K2,Oslo - Oslove,"Innflytting, innalandsk",2014K2,6204
0301,Tilflytting7,2014K3,Oslo - Oslove,"Innflytting, innalandsk",2014K3,11061
0301,Tilflytting7,2014K4,Oslo - Oslove,"Innflytting, innalandsk",2014K4,6096
0301,Tilflytting7,2015K1,Oslo - Oslove,"Innflytting, innalandsk",2015K1,6659
0301,Tilflytting7,2015K2,Oslo - Oslove,"Innflytting, innalandsk",2015K2,6703
0301,Tilflytting7,2015K3,Oslo - Oslove,"Innflytting, innalandsk",2015K3,11900
0301,Tilflytting7,2015K4,Oslo - Oslove,"Innflytting, innalandsk",2015K4,6242
0301,Tilflytting7,2016K1,Oslo - Oslove,"Innflytting, innalandsk",2016K1,6292
0301,Tilflytting7,2016K2,Oslo - Oslove,"Innflytting, innalandsk",2016K2,6516
0301,Tilflytting7,2016K3,Oslo - Oslove,"Innflytting, innalandsk",2016K3,11615
0301,Tilflytting7,2016K4,Oslo - Oslove,"Innflytting, innalandsk",2016K4,6164
0301,Tilflytting7,2017K1,Oslo - Oslove,"Innflytting, innalandsk",2017K1,6519
0301,Tilflytting7,2017K2,Oslo - Oslove,"Innflytting, innalandsk",2017K2,6303
0301,Tilflytting7,2017K3,Oslo - Oslove,"Innflytting, innalandsk",2017K3,11804
0301,Tilflytting7,2017K4,Oslo - Oslove,"Innflytting, innalandsk",2017K4,6242
0301,Tilflytting7,2018K1,Oslo - Oslove,"Innflytting, innalandsk",2018K1,6251
0301,Tilflytting7,2018K2,Oslo - Oslove,"Innflytting, innalandsk",2018K2,6663
0301,Tilflytting7,2018K3,Oslo - Oslove,"Innflytting, innalandsk",2018K3,11997
0301,Tilflytting7,2018K4,Oslo - Oslove,"Innflytting, innalandsk",2018K4,6475
0301,Tilflytting7,2019K1,Oslo - Oslove,"Innflytting, innalandsk",2019K1,6569
0301,Tilflytting7,2019K2,Oslo - Oslove,"Innflytting, innalandsk",2019K2,7074
0301,Tilflytting7,2019K3,Oslo - Oslove,"Innflytting, innalandsk",2019K3,12866
0301,Tilflytting7,2019K4,Oslo - Oslove,"Innflytting, innalandsk",2019K4,6388
0301,Tilflytting7,2020K1,Oslo - Oslove,"Innflytting, innalandsk",2020K1,7211
0301,Tilflytting7,2020K2,Oslo - Oslove,"Innflytting, innalandsk",2020K2,6604
0301,Tilflytting7,2020K3,Oslo - Oslove,"Innflytting, innalandsk",2020K3,12849
0301,Tilflytting7,2020K4,Oslo - Oslove,"Innflytting, innalandsk",2020K4,6672
0301,Tilflytting7,2021K1,Oslo - Oslove,"Innflytting, innalandsk",2021K1,6687
0301,Tilflytting7,2021K2,Oslo - Oslove,"Innflytting, innalandsk",2021K2,7536
0301,Tilflytting7,2021K3,Oslo - Oslove,"Innflytting, innalandsk",2021K3,12945
0301,Tilflytting7,2021K4,Oslo - Oslove,"Innflytting, innalandsk",2021K4,6419
0301,Tilflytting7,2022K1,Oslo - Oslove,"Innflytting, innalandsk",2022K1,6618
0301,Tilflytting7,2022K2,Oslo - Oslove,"Innflytting, innalandsk",2022K2,6530
0301,Tilflytting7,2022K3,Oslo - Oslove,"Innflytting, innalandsk",2022K3,12271
0301,Tilflytting7,2022K4,Oslo - Oslove,"Innflytting, innalandsk",2022K4,6856
0301,Tilflytting7,2023K1,Oslo - Oslove,"Innflytting, innalandsk",2023K1,6954
0301,Tilflytting7,2023K2,Oslo - Oslove,"Innflytting, innalandsk",2023K2,7162
0301,Tilflytting7,2023K3,Oslo - Oslove,"Innflytting, innalandsk",2023K3,12802
0301,Tilflytting7,2023K4,Oslo - Oslove,"Innflytting, innalandsk",2023K4,6696
0301,Tilflytting7,2024K1,Oslo - Oslove,"Innflytting, innalandsk",2024K1,6539
0301,Tilflytting7,2024K2,Oslo - Oslove,"Innflytting, innalandsk",2024K2,6845
0301,Tilflytting7,2024K3,Oslo - Oslove,"Innflytting, innalandsk",2024K3,11967
0301,Tilflytting7,2024K4,Oslo - Oslove,"Innflytting, innalandsk",2024K4,6251
0301,Tilflytting7,2025K1,Oslo - Oslove,"Innflytting, innalandsk",2025K1,6463
0301,Tilflytting7,2025K2,Oslo - Oslove,"Innflytting, innalandsk",2025K2,6700
0301,Tilflytting7,2025K3,Oslo - Oslove,"Innflytting, innalandsk",2025K3,12329
0301,Tilflytting7,2025K4,Oslo - Oslove,"Innflytting, innalandsk",2025K4,6041
0301,Tilflytting7,2026K1,Oslo - Oslove,"Innflytting, innalandsk",2026K1,6222
0301,Fraflytting8,1997K4,Oslo - Oslove,"Utflytting, innalandsk",1997K4,4965
0301,Fraflytting8,1998K1,Oslo - Oslove,"Utflytting, innalandsk",1998K1,4324
0301,Fraflytting8,1998K2,Oslo - Oslove,"Utflytting, innalandsk",1998K2,5372
0301,Fraflytting8,1998K3,Oslo - Oslove,"Utflytting, innalandsk",1998K3,7917
0301,Fraflytting8,1998K4,Oslo - Oslove,"Utflytting, innalandsk",1998K4,4985
0301,Fraflytting8,1999K1,Oslo - Oslove,"Utflytting, innalandsk",1999K1,4211
0301,Fraflytting8,1999K2,Oslo - Oslove,"Utflytting, innalandsk",1999K2,4924
0301,Fraflytting8,1999K3,Oslo - Oslove,"Utflytting, innalandsk",1999K3,7854
0301,Fraflytting8,1999K4,Oslo - Oslove,"Utflytting, innalandsk",1999K4,5542
0301,Fraflytting8,2000K1,Oslo - Oslove,"Utflytting, innalandsk",2000K1,5101
0301,Fraflytting8,2000K2,Oslo - Oslove,"Utflytting, innalandsk",2000K2,6028
0301,Fraflytting8,2000K3,Oslo - Oslove,"Utflytting, innalandsk",2000K3,8515
0301,Fraflytting8,2000K4,Oslo - Oslove,"Utflytting, innalandsk",2000K4,5676
0301,Fraflytting8,2001K1,Oslo - Oslove,"Utflytting, innalandsk",2001K1,5196
0301,Fraflytting8,2001K2,Oslo - Oslove,"Utflytting, innalandsk",2001K2,5416
0301,Fraflytting8,2001K3,Oslo - Oslove,"Utflytting, innalandsk",2001K3,7766
0301,Fraflytting8,2001K4,Oslo - Oslove,"Utflytting, innalandsk",2001K4,5853
0301,Fraflytting8,2002K1,Oslo - Oslove,"Utflytting, innalandsk",2002K1,5088
0301,Fraflytting8,2002K2,Oslo - Oslove,"Utflytting, innalandsk",2002K2,5582
0301,Fraflytting8,2002K3,Oslo - Oslove,"Utflytting, innalandsk",2002K3,7942
0301,Fraflytting8,2002K4,Oslo - Oslove,"Utflytting, innalandsk",2002K4,5247
0301,Fraflytting8,2003K1,Oslo - Oslove,"Utflytting, innalandsk",2003K1,5032
0301,Fraflytting8,2003K2,Oslo - Oslove,"Utflytting, innalandsk",2003K2,5191
0301,Fraflytting8,2003K3,Oslo - Oslove,"Utflytting, innalandsk",2003K3,6973
0301,Fraflytting8,2003K4,Oslo - Oslove,"Utflytting, innalandsk",2003K4,5283
0301,Fraflytting8,2004K1,Oslo - Oslove,"Utflytting, innalandsk",2004K1,4948
0301,Fraflytting8,2004K2,Oslo - Oslove,"Utflytting, innalandsk",2004K2,5017
0301,Fraflytting8,2004K3,Oslo - Oslove,"Utflytting, innalandsk",2004K3,6968
0301,Fraflytting8,2004K4,Oslo - Oslove,"Utflytting, innalandsk",2004K4,5065
0301,Fraflytting8,2005K1,Oslo - Oslove,"Utflytting, innalandsk",2005K1,4632
0301,Fraflytting8,2005K2,Oslo - Oslove,"Utflytting, innalandsk",2005K2,5018
0301,Fraflytting8,2005K3,Oslo - Oslove,"Utflytting, innalandsk",2005K3,7469
0301,Fraflytting8,2005K4,Oslo - Oslove,"Utflytting, innalandsk",2005K4,5478
0301,Fraflytting8,2006K1,Oslo - Oslove,"Utflytting, innalandsk",2006K1,4875
0301,Fraflytting8,2006K2,Oslo - Oslove,"Utflytting, innalandsk",2006K2,5636
0301,Fraflytting8,2006K3,Oslo - Oslove,"Utflytting, innalandsk",2006K3,7908
0301,Fraflytting8,2006K4,Oslo - Oslove,"Utflytting, innalandsk",2006K4,5654
0301,Fraflytting8,2007K1,Oslo - Oslove,"Utflytting, innalandsk",2007K1,5428
0301,Fraflytting8,2007K2,Oslo - Oslove,"Utflytting, innalandsk",2007K2,6231
0301,Fraflytting8,2007K3,Oslo - Oslove,"Utflytting, innalandsk",2007K3,8616
0301,Fraflytting8,2007K4,Oslo - Oslove,"Utflytting, innalandsk",2007K4,5873
0301,Fraflytting8,2008K1,Oslo - Oslove,"Utflytting, innalandsk",2008K1,5586
0301,Fraflytting8,2008K2,Oslo - Oslove,"Utflytting, innalandsk",2008K2,5959
0301,Fraflytting8,2008K3,Oslo - Oslove,"Utflytting, innalandsk",2008K3,7681
0301,Fraflytting8,2008K4,Oslo - Oslove,"Utflytting, innalandsk",2008K4,5224
0301,Fraflytting8,2009K1,Oslo - Oslove,"Utflytting, innalandsk",2009K1,4944
0301,Fraflytting8,2009K2,Oslo - Oslove,"Utflytting, innalandsk",2009K2,5640
0301,Fraflytting8,2009K3,Oslo - Oslove,"Utflytting, innalandsk",2009K3,8279
0301,Fraflytting8,2009K4,Oslo - Oslove,"Utflytting, innalandsk",2009K4,6101
0301,Fraflytting8,2010K1,Oslo - Oslove,"Utflytting, innalandsk",2010K1,5744
0301,Fraflytting8,2010K2,Oslo - Oslove,"Utflytting, innalandsk",2010K2,6147
0301,Fraflytting8,2010K3,Oslo - Oslove,"Utflytting, innalandsk",2010K3,9190
0301,Fraflytting8,2010K4,Oslo - Oslove,"Utflytting, innalandsk",2010K4,5976
0301,Fraflytting8,2011K1,Oslo - Oslove,"Utflytting, innalandsk",2011K1,5501
0301,Fraflytting8,2011K2,Oslo - Oslove,"Utflytting, innalandsk",2011K2,6412
0301,Fraflytting8,2011K3,Oslo - Oslove,"Utflytting, innalandsk",2011K3,10034
0301,Fraflytting8,2011K4,Oslo - Oslove,"Utflytting, innalandsk",2011K4,6680
0301,Fraflytting8,2012K1,Oslo - Oslove,"Utflytting, innalandsk",2012K1,6096
0301,Fraflytting8,2012K2,Oslo - Oslove,"Utflytting, innalandsk",2012K2,7025
0301,Fraflytting8,2012K3,Oslo - Oslove,"Utflytting, innalandsk",2012K3,10017
0301,Fraflytting8,2012K4,Oslo - Oslove,"Utflytting, innalandsk",2012K4,6396
0301,Fraflytting8,2013K1,Oslo - Oslove,"Utflytting, innalandsk",2013K1,5894
0301,Fraflytting8,2013K2,Oslo - Oslove,"Utflytting, innalandsk",2013K2,7166
0301,Fraflytting8,2013K3,Oslo - Oslove,"Utflytting, innalandsk",2013K3,10506
0301,Fraflytting8,2013K4,Oslo - Oslove,"Utflytting, innalandsk",2013K4,6630
0301,Fraflytting8,2014K1,Oslo - Oslove,"Utflytting, innalandsk",2014K1,5855
0301,Fraflytting8,2014K2,Oslo - Oslove,"Utflytting, innalandsk",2014K2,7472
0301,Fraflytting8,2014K3,Oslo - Oslove,"Utflytting, innalandsk",2014K3,10014
0301,Fraflytting8,2014K4,Oslo - Oslove,"Utflytting, innalandsk",2014K4,6150
0301,Fraflytting8,2015K1,Oslo - Oslove,"Utflytting, innalandsk",2015K1,6453
0301,Fraflytting8,2015K2,Oslo - Oslove,"Utflytting, innalandsk",2015K2,7865
0301,Fraflytting8,2015K3,Oslo - Oslove,"Utflytting, innalandsk",2015K3,10468
0301,Fraflytting8,2015K4,Oslo - Oslove,"Utflytting, innalandsk",2015K4,6489
0301,Fraflytting8,2016K1,Oslo - Oslove,"Utflytting, innalandsk",2016K1,6174
0301,Fraflytting8,2016K2,Oslo - Oslove,"Utflytting, innalandsk",2016K2,7594
0301,Fraflytting8,2016K3,Oslo - Oslove,"Utflytting, innalandsk",2016K3,10374
0301,Fraflytting8,2016K4,Oslo - Oslove,"Utflytting, innalandsk",2016K4,7312
0301,Fraflytting8,2017K1,Oslo - Oslove,"Utflytting, innalandsk",2017K1,6277
0301,Fraflytting8,2017K2,Oslo - Oslove,"Utflytting, innalandsk",2017K2,8338
0301,Fraflytting8,2017K3,Oslo - Oslove,"Utflytting, innalandsk",2017K3,11737
0301,Fraflytting8,2017K4,Oslo - Oslove,"Utflytting, innalandsk",2017K4,6919
0301,Fraflytting8,2018K1,Oslo - Oslove,"Utflytting, innalandsk",2018K1,6556
0301,Fraflytting8,2018K2,Oslo - Oslove,"Utflytting, innalandsk",2018K2,7732
0301,Fraflytting8,2018K3,Oslo - Oslove,"Utflytting, innalandsk",2018K3,11457
0301,Fraflytting8,2018K4,Oslo - Oslove,"Utflytting, innalandsk",2018K4,7021
0301,Fraflytting8,2019K1,Oslo - Oslove,"Utflytting, innalandsk",2019K1,6378
0301,Fraflytting8,2019K2,Oslo - Oslove,"Utflytting, innalandsk",2019K2,7858
0301,Fraflytting8,2019K3,Oslo - Oslove,"Utflytting, innalandsk",2019K3,11455
0301,Fraflytting8,2019K4,Oslo - Oslove,"Utflytting, innalandsk",2019K4,6450
0301,Fraflytting8,2020K1,Oslo - Oslove,"Utflytting, innalandsk",2020K1,7146
0301,Fraflytting8,2020K2,Oslo - Oslove,"Utflytting, innalandsk",2020K2,7855
0301,Fraflytting8,2020K3,Oslo - Oslove,"Utflytting, innalandsk",2020K3,12285
0301,Fraflytting8,2020K4,Oslo - Oslove,"Utflytting, innalandsk",2020K4,8785
0301,Fraflytting8,2021K1,Oslo - Oslove,"Utflytting, innalandsk",2021K1,8558
0301,Fraflytting8,2021K2,Oslo - Oslove,"Utflytting, innalandsk",2021K2,9591
0301,Fraflytting8,2021K3,Oslo - Oslove,"Utflytting, innalandsk",2021K3,13585
0301,Fraflytting8,2021K4,Oslo - Oslove,"Utflytting, innalandsk",2021K4,8264
0301,Fraflytting8,2022K1,Oslo - Oslove,"Utflytting, innalandsk",2022K1,7116
0301,Fraflytting8,2022K2,Oslo - Oslove,"Utflytting, innalandsk",2022K2,7999
0301,Fraflytting8,2022K3,Oslo - Oslove,"Utflytting, innalandsk",2022K3,12171
0301,Fraflytting8,2022K4,Oslo - Oslove,"Utflytting, innalandsk",2022K4,8326
0301,Fraflytting8,2023K1,Oslo - Oslove,"Utflytting, innalandsk",2023K1,7181
0301,Fraflytting8,2023K2,Oslo - Oslove,"Utflytting, innalandsk",2023K2,8184
0301,Fraflytting8,2023K3,Oslo - Oslove,"Utflytting, innalandsk",2023K3,11641
0301,Fraflytting8,2023K4,Oslo - Oslove,"Utflytting, innalandsk",2023K4,7155
0301,Fraflytting8,2024K1,Oslo - Oslove,"Utflytting, innalandsk",2024K1,6502
0301,Fraflytting8,2024K2,Oslo - Oslove,"Utflytting, innalandsk",2024K2,7992
0301,Fraflytting8,2024K3,Oslo - Oslove,"Utflytting, innalandsk",2024K3,12047
0301,Fraflytting8,2024K4,Oslo - Oslove,"Utflytting, innalandsk",2024K4,7211
0301,Fraflytting8,2025K1,Oslo - Oslove,"Utflytting, innalandsk",2025K1,6965
0301,Fraflytting8,2025K2,Oslo - Oslove,"Utflytting, innalandsk",2025K2,8469
0301,Fraflytting8,2025K3,Oslo - Oslove,"Utflytting, innalandsk",2025K3,12567
0301,Fraflytting8,2025K4,Oslo - Oslove,"Utflytting, innalandsk",2025K4,6972
0301,Fraflytting8,2026K1,Oslo - Oslove,"Utflytting, innalandsk",2026K1,6843
0301,Nettoinnflytting9,1997K4,Oslo - Oslove,"Nettoinnflytting, inkl. inn- og utvandring",1997K4,93
0301,Nettoinnflytting9,1998K1,Oslo - Oslove,"Nettoinnflytting, inkl. inn- og utvandring",1998K1,1208
0301,Nettoinnflytting9,1998K2,Oslo - Oslove,"Nettoinnflytting, inkl. inn- og utvandring",1998K2,-244
0301,Nettoinnflytting9,1998K3,Oslo - Oslove,"Nettoinnflytting, inkl. inn- og utvandring",1998K3,-558
0301,Nettoinnflytting9,1998K4,Oslo - Oslove,"Nettoinnflytting, inkl. inn- og utvandring",1998K4,-543
0301,Nettoinnflytting9,1999K1,Oslo - Oslove,"Nettoinnflytting, inkl. inn- og utvandring",1999K1,1043
0301,Nettoinnflytting9,1999K2,Oslo - Oslove,"Nettoinnflytting, inkl. inn- og utvandring",1999K2,54
0301,Nettoinnflytting9,1999K3,Oslo - Oslove,"Nettoinnflytting, inkl. inn- og utvandring",1999K3,175
0301,Nettoinnflytting9,1999K4,Oslo - Oslove,"Nettoinnflytting, inkl. inn- og utvandring",1999K4,-285
0301,Nettoinnflytting9,2000K1,Oslo - Oslove,"Nettoinnflytting, inkl. inn- og utvandring",2000K1,905
0301,Nettoinnflytting9,2000K2,Oslo - Oslove,"Nettoinnflytting, inkl. inn- og utvandring",2000K2,-760
0301,Nettoinnflytting9,2000K3,Oslo - Oslove,"Nettoinnflytting, inkl. inn- og utvandring",2000K3,-527
0301,Nettoinnflytting9,2000K4,Oslo - Oslove,"Nettoinnflytting, inkl. inn- og utvandring",2000K4,-920
0301,Nettoinnflytting9,2001K1,Oslo - Oslove,"Nettoinnflytting, inkl. inn- og utvandring",2001K1,1718
0301,Nettoinnflytting9,2001K2,Oslo - Oslove,"Nettoinnflytting, inkl. inn- og utvandring",2001K2,141
0301,Nettoinnflytting9,2001K3,Oslo - Oslove,"Nettoinnflytting, inkl. inn- og utvandring",2001K3,475
0301,Nettoinnflytting9,2001K4,Oslo - Oslove,"Nettoinnflytting, inkl. inn- og utvandring",2001K4,-670
0301,Nettoinnflytting9,2002K1,Oslo - Oslove,"Nettoinnflytting, inkl. inn- og utvandring",2002K1,1543
0301,Nettoinnflytting9,2002K2,Oslo - Oslove,"Nettoinnflytting, inkl. inn- og utvandring",2002K2,100
0301,Nettoinnflytting9,2002K3,Oslo - Oslove,"Nettoinnflytting, inkl. inn- og utvandring",2002K3,229
0301,Nettoinnflytting9,2002K4,Oslo - Oslove,"Nettoinnflytting, inkl. inn- og utvandring",2002K4,458
0301,Nettoinnflytting9,2003K1,Oslo - Oslove,"Nettoinnflytting, inkl. inn- og utvandring",2003K1,941
0301,Nettoinnflytting9,2003K2,Oslo - Oslove,"Nettoinnflytting, inkl. inn- og utvandring",2003K2,-247
0301,Nettoinnflytting9,2003K3,Oslo - Oslove,"Nettoinnflytting, inkl. inn- og utvandring",2003K3,643
0301,Nettoinnflytting9,2003K4,Oslo - Oslove,"Nettoinnflytting, inkl. inn- og utvandring",2003K4,-29
0301,Nettoinnflytting9,2004K1,Oslo - Oslove,"Nettoinnflytting, inkl. inn- og utvandring",2004K1,799
0301,Nettoinnflytting9,2004K2,Oslo - Oslove,"Nettoinnflytting, inkl. inn- og utvandring",2004K2,375
0301,Nettoinnflytting9,2004K3,Oslo - Oslove,"Nettoinnflytting, inkl. inn- og utvandring",2004K3,1480
0301,Nettoinnflytting9,2004K4,Oslo - Oslove,"Nettoinnflytting, inkl. inn- og utvandring",2004K4,1180
0301,Nettoinnflytting9,2005K1,Oslo - Oslove,"Nettoinnflytting, inkl. inn- og utvandring",2005K1,886
0301,Nettoinnflytting9,2005K2,Oslo - Oslove,"Nettoinnflytting, inkl. inn- og utvandring",2005K2,322
0301,Nettoinnflytting9,2005K3,Oslo - Oslove,"Nettoinnflytting, inkl. inn- og utvandring",2005K3,1989
0301,Nettoinnflytting9,2005K4,Oslo - Oslove,"Nettoinnflytting, inkl. inn- og utvandring",2005K4,1112
0301,Nettoinnflytting9,2006K1,Oslo - Oslove,"Nettoinnflytting, inkl. inn- og utvandring",2006K1,2294
0301,Nettoinnflytting9,2006K2,Oslo - Oslove,"Nettoinnflytting, inkl. inn- og utvandring",2006K2,999
0301,Nettoinnflytting9,2006K3,Oslo - Oslove,"Nettoinnflytting, inkl. inn- og utvandring",2006K3,1749
0301,Nettoinnflytting9,2006K4,Oslo - Oslove,"Nettoinnflytting, inkl. inn- og utvandring",2006K4,799
0301,Nettoinnflytting9,2007K1,Oslo - Oslove,"Nettoinnflytting, inkl. inn- og utvandring",2007K1,2154
0301,Nettoinnflytting9,2007K2,Oslo - Oslove,"Nettoinnflytting, inkl. inn- og utvandring",2007K2,171
0301,Nettoinnflytting9,2007K3,Oslo - Oslove,"Nettoinnflytting, inkl. inn- og utvandring",2007K3,2312
0301,Nettoinnflytting9,2007K4,Oslo - Oslove,"Nettoinnflytting, inkl. inn- og utvandring",2007K4,2409
0301,Nettoinnflytting9,2008K1,Oslo - Oslove,"Nettoinnflytting, inkl. inn- og utvandring",2008K1,3995
0301,Nettoinnflytting9,2008K2,Oslo - Oslove,"Nettoinnflytting, inkl. inn- og utvandring",2008K2,1598
0301,Nettoinnflytting9,2008K3,Oslo - Oslove,"Nettoinnflytting, inkl. inn- og utvandring",2008K3,3057
0301,Nettoinnflytting9,2008K4,Oslo - Oslove,"Nettoinnflytting, inkl. inn- og utvandring",2008K4,1082
0301,Nettoinnflytting9,2009K1,Oslo - Oslove,"Nettoinnflytting, inkl. inn- og utvandring",2009K1,2111
0301,Nettoinnflytting9,2009K2,Oslo - Oslove,"Nettoinnflytting, inkl. inn- og utvandring",2009K2,-162
0301,Nettoinnflytting9,2009K3,Oslo - Oslove,"Nettoinnflytting, inkl. inn- og utvandring",2009K3,2402
0301,Nettoinnflytting9,2009K4,Oslo - Oslove,"Nettoinnflytting, inkl. inn- og utvandring",2009K4,1232
0301,Nettoinnflytting9,2010K1,Oslo - Oslove,"Nettoinnflytting, inkl. inn- og utvandring",2010K1,1883
0301,Nettoinnflytting9,2010K2,Oslo - Oslove,"Nettoinnflytting, inkl. inn- og utvandring",2010K2,406
0301,Nettoinnflytting9,2010K3,Oslo - Oslove,"Nettoinnflytting, inkl. inn- og utvandring",2010K3,3181
0301,Nettoinnflytting9,2010K4,Oslo - Oslove,"Nettoinnflytting, inkl. inn- og utvandring",2010K4,1072
0301,Nettoinnflytting9,2011K1,Oslo - Oslove,"Nettoinnflytting, inkl. inn- og utvandring",2011K1,4518
0301,Nettoinnflytting9,2011K2,Oslo - Oslove,"Nettoinnflytting, inkl. inn- og utvandring",2011K2,640
0301,Nettoinnflytting9,2011K3,Oslo - Oslove,"Nettoinnflytting, inkl. inn- og utvandring",2011K3,2534
0301,Nettoinnflytting9,2011K4,Oslo - Oslove,"Nettoinnflytting, inkl. inn- og utvandring",2011K4,640
0301,Nettoinnflytting9,2012K1,Oslo - Oslove,"Nettoinnflytting, inkl. inn- og utvandring",2012K1,2698
0301,Nettoinnflytting9,2012K2,Oslo - Oslove,"Nettoinnflytting, inkl. inn- og utvandring",2012K2,-467
0301,Nettoinnflytting9,2012K3,Oslo - Oslove,"Nettoinnflytting, inkl. inn- og utvandring",2012K3,1300
0301,Nettoinnflytting9,2012K4,Oslo - Oslove,"Nettoinnflytting, inkl. inn- og utvandring",2012K4,1534
0301,Nettoinnflytting9,2013K1,Oslo - Oslove,"Nettoinnflytting, inkl. inn- og utvandring",2013K1,1808
0301,Nettoinnflytting9,2013K2,Oslo - Oslove,"Nettoinnflytting, inkl. inn- og utvandring",2013K2,792
0301,Nettoinnflytting9,2013K3,Oslo - Oslove,"Nettoinnflytting, inkl. inn- og utvandring",2013K3,2001
0301,Nettoinnflytting9,2013K4,Oslo - Oslove,"Nettoinnflytting, inkl. inn- og utvandring",2013K4,253
0301,Nettoinnflytting9,2014K1,Oslo - Oslove,"Nettoinnflytting, inkl. inn- og utvandring",2014K1,2604
0301,Nettoinnflytting9,2014K2,Oslo - Oslove,"Nettoinnflytting, inkl. inn- og utvandring",2014K2,91
0301,Nettoinnflytting9,2014K3,Oslo - Oslove,"Nettoinnflytting, inkl. inn- og utvandring",2014K3,3643
0301,Nettoinnflytting9,2014K4,Oslo - Oslove,"Nettoinnflytting, inkl. inn- og utvandring",2014K4,775
0301,Nettoinnflytting9,2015K1,Oslo - Oslove,"Nettoinnflytting, inkl. inn- og utvandring",2015K1,1834
0301,Nettoinnflytting9,2015K2,Oslo - Oslove,"Nettoinnflytting, inkl. inn- og utvandring",2015K2,-417
0301,Nettoinnflytting9,2015K3,Oslo - Oslove,"Nettoinnflytting, inkl. inn- og utvandring",2015K3,2824
0301,Nettoinnflytting9,2015K4,Oslo - Oslove,"Nettoinnflytting, inkl. inn- og utvandring",2015K4,620
0301,Nettoinnflytting9,2016K1,Oslo - Oslove,"Nettoinnflytting, inkl. inn- og utvandring",2016K1,1278
0301,Nettoinnflytting9,2016K2,Oslo - Oslove,"Nettoinnflytting, inkl. inn- og utvandring",2016K2,-296
0301,Nettoinnflytting9,2016K3,Oslo - Oslove,"Nettoinnflytting, inkl. inn- og utvandring",2016K3,2410
0301,Nettoinnflytting9,2016K4,Oslo - Oslove,"Nettoinnflytting, inkl. inn- og utvandring",2016K4,-1002
0301,Nettoinnflytting9,2017K1,Oslo - Oslove,"Nettoinnflytting, inkl. inn- og utvandring",2017K1,873
0301,Nettoinnflytting9,2017K2,Oslo - Oslove,"Nettoinnflytting, inkl. inn- og utvandring",2017K2,-1393
0301,Nettoinnflytting9,2017K3,Oslo - Oslove,"Nettoinnflytting, inkl. inn- og utvandring",2017K3,1388
0301,Nettoinnflytting9,2017K4,Oslo - Oslove,"Nettoinnflytting, inkl. inn- og utvandring",2017K4,193
0301,Nettoinnflytting9,2018K1,Oslo - Oslove,"Nettoinnflytting, inkl. inn- og utvandring",2018K1,125
0301,Nettoinnflytting9,2018K2,Oslo - Oslove,"Nettoinnflytting, inkl. inn- og utvandring",2018K2,27
0301,Nettoinnflytting9,2018K3,Oslo - Oslove,"Nettoinnflytting, inkl. inn- og utvandring",2018K3,1880
0301,Nettoinnflytting9,2018K4,Oslo - Oslove,"Nettoinnflytting, inkl. inn- og utvandring",2018K4,158
0301,Nettoinnflytting9,2019K1,Oslo - Oslove,"Nettoinnflytting, inkl. inn- og utvandring",2019K1,1687
0301,Nettoinnflytting9,2019K2,Oslo - Oslove,"Nettoinnflytting, inkl. inn- og utvandring",2019K2,266
0301,Nettoinnflytting9,2019K3,Oslo - Oslove,"Nettoinnflytting, inkl. inn- og utvandring",2019K3,2912
0301,Nettoinnflytting9,2019K4,Oslo - Oslove,"Nettoinnflytting, inkl. inn- og utvandring",2019K4,1975
0301,Nettoinnflytting9,2020K1,Oslo - Oslove,"Nettoinnflytting, inkl. inn- og utvandring",2020K1,-61
0301,Nettoinnflytting9,2020K2,Oslo - Oslove,"Nettoinnflytting, inkl. inn- og utvandring",2020K2,-2124
0301,Nettoinnflytting9,2020K3,Oslo - Oslove,"Nettoinnflytting, inkl. inn- og utvandring",2020K3,1918
0301,Nettoinnflytting9,2020K4,Oslo - Oslove,"Nettoinnflytting, inkl. inn- og utvandring",2020K4,-1591
0301,Nettoinnflytting9,2021K1,Oslo - Oslove,"Nettoinnflytting, inkl. inn- og utvandring",2021K1,-1389
0301,Nettoinnflytting9,2021K2,Oslo - Oslove,"Nettoinnflytting, inkl. inn- og utvandring",2021K2,-2610
0301,Nettoinnflytting9,2021K3,Oslo - Oslove,"Nettoinnflytting, inkl. inn- og utvandring",2021K3,1045
0301,Nettoinnflytting9,2021K4,Oslo - Oslove,"Nettoinnflytting, inkl. inn- og utvandring",2021K4,130
0301,Nettoinnflytting9,2022K1,Oslo - Oslove,"Nettoinnflytting, inkl. inn- og utvandring",2022K1,1766
0301,Nettoinnflytting9,2022K2,Oslo - Oslove,"Nettoinnflytting, inkl. inn- og utvandring",2022K2,220
0301,Nettoinnflytting9,2022K3,Oslo - Oslove,"Nettoinnflytting, inkl. inn- og utvandring",2022K3,2215
0301,Nettoinnflytting9,2022K4,Oslo - Oslove,"Nettoinnflytting, inkl. inn- og utvandring",2022K4,493
0301,Nettoinnflytting9,2023K1,Oslo - Oslove,"Nettoinnflytting, inkl. inn- og utvandring",2023K1,1362
0301,Nettoinnflytting9,2023K2,Oslo - Oslove,"Nettoinnflytting, inkl. inn- og utvandring",2023K2,-590
0301,Nettoinnflytting9,2023K3,Oslo - Oslove,"Nettoinnflytting, inkl. inn- og utvandring",2023K3,2823
0301,Nettoinnflytting9,2023K4,Oslo - Oslove,"Nettoinnflytting, inkl. inn- og utvandring",2023K4,705
0301,Nettoinnflytting9,2024K1,Oslo - Oslove,"Nettoinnflytting, inkl. inn- og utvandring",2024K1,1011
0301,Nettoinnflytting9,2024K2,Oslo - Oslove,"Nettoinnflytting, inkl. inn- og utvandring",2024K2,-815
0301,Nettoinnflytting9,2024K3,Oslo - Oslove,"Nettoinnflytting, inkl. inn- og utvandring",2024K3,1081
0301,Nettoinnflytting9,2024K4,Oslo - Oslove,"Nettoinnflytting, inkl. inn- og utvandring",2024K4,91
0301,Nettoinnflytting9,2025K1,Oslo - Oslove,"Nettoinnflytting, inkl. inn- og utvandring",2025K1,-39
0301,Nettoinnflytting9,2025K2,Oslo - Oslove,"Nettoinnflytting, inkl. inn- og utvandring",2025K2,-1611
0301,Nettoinnflytting9,2025K3,Oslo - Oslove,"Nettoinnflytting, inkl. inn- og utvandring",2025K3,930
0301,Nettoinnflytting9,2025K4,Oslo - Oslove,"Nettoinnflytting, inkl. inn- og utvandring",2025K4,-154
0301,Nettoinnflytting9,2026K1,Oslo - Oslove,"Nettoinnflytting, inkl. inn- og utvandring",2026K1,-30
0301,Folketilvekst10,1997K4,Oslo - Oslove,Folkevekst,1997K4,541
0301,Folketilvekst10,1998K1,Oslo - Oslove,Folkevekst,1998K1,1541
0301,Folketilvekst10,1998K2,Oslo - Oslove,Folkevekst,1998K2,560
0301,Folketilvekst10,1998K3,Oslo - Oslove,Folkevekst,1998K3,154
0301,Folketilvekst10,1998K4,Oslo - Oslove,Folkevekst,1998K4,-143
0301,Folketilvekst10,1999K1,Oslo - Oslove,Folkevekst,1999K1,1265
0301,Folketilvekst10,1999K2,Oslo - Oslove,Folkevekst,1999K2,851
0301,Folketilvekst10,1999K3,Oslo - Oslove,Folkevekst,1999K3,941
0301,Folketilvekst10,1999K4,Oslo - Oslove,Folkevekst,1999K4,117
0301,Folketilvekst10,2000K1,Oslo - Oslove,Folkevekst,2000K1,1353
0301,Folketilvekst10,2000K2,Oslo - Oslove,Folkevekst,2000K2,6
0301,Folketilvekst10,2000K3,Oslo - Oslove,Folkevekst,2000K3,203
0301,Folketilvekst10,2000K4,Oslo - Oslove,Folkevekst,2000K4,-343
0301,Folketilvekst10,2001K1,Oslo - Oslove,Folkevekst,2001K1,2147
0301,Folketilvekst10,2001K2,Oslo - Oslove,Folkevekst,2001K2,917
0301,Folketilvekst10,2001K3,Oslo - Oslove,Folkevekst,2001K3,1142
0301,Folketilvekst10,2001K4,Oslo - Oslove,Folkevekst,2001K4,-214
0301,Folketilvekst10,2002K1,Oslo - Oslove,Folkevekst,2002K1,1952
0301,Folketilvekst10,2002K2,Oslo - Oslove,Folkevekst,2002K2,884
0301,Folketilvekst10,2002K3,Oslo - Oslove,Folkevekst,2002K3,1042
0301,Folketilvekst10,2002K4,Oslo - Oslove,Folkevekst,2002K4,934
0301,Folketilvekst10,2003K1,Oslo - Oslove,Folkevekst,2003K1,1501
0301,Folketilvekst10,2003K2,Oslo - Oslove,Folkevekst,2003K2,651
0301,Folketilvekst10,2003K3,Oslo - Oslove,Folkevekst,2003K3,1640
0301,Folketilvekst10,2003K4,Oslo - Oslove,Folkevekst,2003K4,699
0301,Folketilvekst10,2004K1,Oslo - Oslove,Folkevekst,2004K1,1602
0301,Folketilvekst10,2004K2,Oslo - Oslove,Folkevekst,2004K2,1400
0301,Folketilvekst10,2004K3,Oslo - Oslove,Folkevekst,2004K3,2490
0301,Folketilvekst10,2004K4,Oslo - Oslove,Folkevekst,2004K4,2029
0301,Folketilvekst10,2005K1,Oslo - Oslove,Folkevekst,2005K1,1564
0301,Folketilvekst10,2005K2,Oslo - Oslove,Folkevekst,2005K2,1640
0301,Folketilvekst10,2005K3,Oslo - Oslove,Folkevekst,2005K3,3159
0301,Folketilvekst10,2005K4,Oslo - Oslove,Folkevekst,2005K4,2202
0301,Folketilvekst10,2006K1,Oslo - Oslove,Folkevekst,2006K1,3411
0301,Folketilvekst10,2006K2,Oslo - Oslove,Folkevekst,2006K2,2251
0301,Folketilvekst10,2006K3,Oslo - Oslove,Folkevekst,2006K3,3082
0301,Folketilvekst10,2006K4,Oslo - Oslove,Folkevekst,2006K4,1462
0301,Folketilvekst10,2007K1,Oslo - Oslove,Folkevekst,2007K1,3215
0301,Folketilvekst10,2007K2,Oslo - Oslove,Folkevekst,2007K2,1564
0301,Folketilvekst10,2007K3,Oslo - Oslove,Folkevekst,2007K3,3656
0301,Folketilvekst10,2007K4,Oslo - Oslove,Folkevekst,2007K4,3432
0301,Folketilvekst10,2008K1,Oslo - Oslove,Folkevekst,2008K1,5169
0301,Folketilvekst10,2008K2,Oslo - Oslove,Folkevekst,2008K2,3156
0301,Folketilvekst10,2008K3,Oslo - Oslove,Folkevekst,2008K3,4579
0301,Folketilvekst10,2008K4,Oslo - Oslove,Folkevekst,2008K4,2087
0301,Folketilvekst10,2009K1,Oslo - Oslove,Folkevekst,2009K1,3395
0301,Folketilvekst10,2009K2,Oslo - Oslove,Folkevekst,2009K2,1359
0301,Folketilvekst10,2009K3,Oslo - Oslove,Folkevekst,2009K3,4063
0301,Folketilvekst10,2009K4,Oslo - Oslove,Folkevekst,2009K4,2568
0301,Folketilvekst10,2010K1,Oslo - Oslove,Folkevekst,2010K1,3181
0301,Folketilvekst10,2010K2,Oslo - Oslove,Folkevekst,2010K2,2041
0301,Folketilvekst10,2010K3,Oslo - Oslove,Folkevekst,2010K3,4841
0301,Folketilvekst10,2010K4,Oslo - Oslove,Folkevekst,2010K4,2307
0301,Folketilvekst10,2011K1,Oslo - Oslove,Folkevekst,2011K1,5775
0301,Folketilvekst10,2011K2,Oslo - Oslove,Folkevekst,2011K2,2287
0301,Folketilvekst10,2011K3,Oslo - Oslove,Folkevekst,2011K3,4199
0301,Folketilvekst10,2011K4,Oslo - Oslove,Folkevekst,2011K4,1794
0301,Folketilvekst10,2012K1,Oslo - Oslove,Folkevekst,2012K1,3957
0301,Folketilvekst10,2012K2,Oslo - Oslove,Folkevekst,2012K2,1136
0301,Folketilvekst10,2012K3,Oslo - Oslove,Folkevekst,2012K3,2954
0301,Folketilvekst10,2012K4,Oslo - Oslove,Folkevekst,2012K4,2634
0301,Folketilvekst10,2013K1,Oslo - Oslove,Folkevekst,2013K1,2987
0301,Folketilvekst10,2013K2,Oslo - Oslove,Folkevekst,2013K2,2360
0301,Folketilvekst10,2013K3,Oslo - Oslove,Folkevekst,2013K3,3677
0301,Folketilvekst10,2013K4,Oslo - Oslove,Folkevekst,2013K4,1473
0301,Folketilvekst10,2014K1,Oslo - Oslove,Folkevekst,2014K1,4066
0301,Folketilvekst10,2014K2,Oslo - Oslove,Folkevekst,2014K2,1784
0301,Folketilvekst10,2014K3,Oslo - Oslove,Folkevekst,2014K3,5388
0301,Folketilvekst10,2014K4,Oslo - Oslove,Folkevekst,2014K4,1975
0301,Folketilvekst10,2015K1,Oslo - Oslove,Folkevekst,2015K1,3057
0301,Folketilvekst10,2015K2,Oslo - Oslove,Folkevekst,2015K2,1311
0301,Folketilvekst10,2015K3,Oslo - Oslove,Folkevekst,2015K3,4570
0301,Folketilvekst10,2015K4,Oslo - Oslove,Folkevekst,2015K4,1776
0301,Folketilvekst10,2016K1,Oslo - Oslove,Folkevekst,2016K1,2597
0301,Folketilvekst10,2016K2,Oslo - Oslove,Folkevekst,2016K2,1600
0301,Folketilvekst10,2016K3,Oslo - Oslove,Folkevekst,2016K3,4104
0301,Folketilvekst10,2016K4,Oslo - Oslove,Folkevekst,2016K4,66
0301,Folketilvekst10,2017K1,Oslo - Oslove,Folkevekst,2017K1,2060
0301,Folketilvekst10,2017K2,Oslo - Oslove,Folkevekst,2017K2,241
0301,Folketilvekst10,2017K3,Oslo - Oslove,Folkevekst,2017K3,3002
0301,Folketilvekst10,2017K4,Oslo - Oslove,Folkevekst,2017K4,1406
0301,Folketilvekst10,2018K1,Oslo - Oslove,Folkevekst,2018K1,1267
0301,Folketilvekst10,2018K2,Oslo - Oslove,Folkevekst,2018K2,1726
0301,Folketilvekst10,2018K3,Oslo - Oslove,Folkevekst,2018K3,3424
0301,Folketilvekst10,2018K4,Oslo - Oslove,Folkevekst,2018K4,1181
0301,Folketilvekst10,2019K1,Oslo - Oslove,Folkevekst,2019K1,2876
0301,Folketilvekst10,2019K2,Oslo - Oslove,Folkevekst,2019K2,1864
0301,Folketilvekst10,2019K3,Oslo - Oslove,Folkevekst,2019K3,4524
0301,Folketilvekst10,2019K4,Oslo - Oslove,Folkevekst,2019K4,3159
0301,Folketilvekst10,2020K1,Oslo - Oslove,Folkevekst,2020K1,1163
0301,Folketilvekst10,2020K2,Oslo - Oslove,Folkevekst,2020K2,-571
0301,Folketilvekst10,2020K3,Oslo - Oslove,Folkevekst,2020K3,3463
0301,Folketilvekst10,2020K4,Oslo - Oslove,Folkevekst,2020K4,-539
0301,Folketilvekst10,2021K1,Oslo - Oslove,Folkevekst,2021K1,18
0301,Folketilvekst10,2021K2,Oslo - Oslove,Folkevekst,2021K2,-940
0301,Folketilvekst10,2021K3,Oslo - Oslove,Folkevekst,2021K3,2572
0301,Folketilvekst10,2021K4,Oslo - Oslove,Folkevekst,2021K4,1167
0301,Folketilvekst10,2022K1,Oslo - Oslove,Folkevekst,2022K1,2716
0301,Folketilvekst10,2022K2,Oslo - Oslove,Folkevekst,2022K2,1436
0301,Folketilvekst10,2022K3,Oslo - Oslove,Folkevekst,2022K3,3552
0301,Folketilvekst10,2022K4,Oslo - Oslove,Folkevekst,2022K4,1506
0301,Folketilvekst10,2023K1,Oslo - Oslove,Folkevekst,2023K1,2270
0301,Folketilvekst10,2023K2,Oslo - Oslove,Folkevekst,2023K2,785
0301,Folketilvekst10,2023K3,Oslo - Oslove,Folkevekst,2023K3,4180
0301,Folketilvekst10,2023K4,Oslo - Oslove,Folkevekst,2023K4,1438
0301,Folketilvekst10,2024K1,Oslo - Oslove,Folkevekst,2024K1,2142
0301,Folketilvekst10,2024K2,Oslo - Oslove,Folkevekst,2024K2,716
0301,Folketilvekst10,2024K3,Oslo - Oslove,Folkevekst,2024K3,2628
0301,Folketilvekst10,2024K4,Oslo - Oslove,Folkevekst,2024K4,1094
0301,Folketilvekst10,2025K1,Oslo - Oslove,Folkevekst,2025K1,953
0301,Folketilvekst10,2025K2,Oslo - Oslove,Folkevekst,2025K2,-63
0301,Folketilvekst10,2025K3,Oslo - Oslove,Folkevekst,2025K3,2617
0301,Folketilvekst10,2025K4,Oslo - Oslove,Folkevekst,2025K4,917
0301,Folketilvekst10,2026K1,Oslo - Oslove,Folkevekst,2026K1,1085
