"opprinnelse","datavintage","commit","generert","modell","intervallmetode","kalender_kunnskap_per","scenario","maalmaned","horisont","punkt","lo80","hi80","lo95","hi95","n_kalibreringsfeil","informasjonsstatus"
"2026-06","2026-08-04","1cf2e237d37102b43a628398e2df6a819370ca2b","2026-08-14T04:14:47Z","M6 RegARIMA + X + k (point-in-time)","tidsgyldig split-konformal kvantil av absolutte logfeil, endelig-utvalgsnivå ceiling((n+1)*nivå)/n, per horisont; kalibrert bare på feil som var realisert ved opprinnelsen.","2026-08-09","basis","2026-07",1,16725,15778,17729,14790,18913,31,"vedtatt_kalender"
"2026-06","2026-08-04","1cf2e237d37102b43a628398e2df6a819370ca2b","2026-08-14T04:14:47Z","M6 RegARIMA + X + k (point-in-time)","tidsgyldig split-konformal kvantil av absolutte logfeil, endelig-utvalgsnivå ceiling((n+1)*nivå)/n, per horisont; kalibrert bare på feil som var realisert ved opprinnelsen.","2026-08-09","basis","2026-08",2,16843,15480,18326,14769,19209,31,"vedtatt_kalender"
"2026-06","2026-08-04","1cf2e237d37102b43a628398e2df6a819370ca2b","2026-08-14T04:14:47Z","M6 RegARIMA + X + k (point-in-time)","tidsgyldig split-konformal kvantil av absolutte logfeil, endelig-utvalgsnivå ceiling((n+1)*nivå)/n, per horisont; kalibrert bare på feil som var realisert ved opprinnelsen.","2026-08-09","basis","2026-09",3,16838,15409,18399,14775,19189,31,"vedtatt_kalender"
"2026-06","2026-08-04","1cf2e237d37102b43a628398e2df6a819370ca2b","2026-08-14T04:14:47Z","M6 RegARIMA + X + k (point-in-time)","tidsgyldig split-konformal kvantil av absolutte logfeil, endelig-utvalgsnivå ceiling((n+1)*nivå)/n, per horisont; kalibrert bare på feil som var realisert ved opprinnelsen.","2026-08-09","basis","2026-10",4,16867,15349,18536,14831,19183,31,"vedtatt_kalender"
"2026-06","2026-08-04","1cf2e237d37102b43a628398e2df6a819370ca2b","2026-08-14T04:14:47Z","M6 RegARIMA + X + k (point-in-time)","tidsgyldig split-konformal kvantil av absolutte logfeil, endelig-utvalgsnivå ceiling((n+1)*nivå)/n, per horisont; kalibrert bare på feil som var realisert ved opprinnelsen.","2026-08-09","basis","2026-11",5,16939,15219,18853,14694,19528,31,"vedtatt_kalender"
"2026-06","2026-08-04","1cf2e237d37102b43a628398e2df6a819370ca2b","2026-08-14T04:14:47Z","M6 RegARIMA + X + k (point-in-time)","tidsgyldig split-konformal kvantil av absolutte logfeil, endelig-utvalgsnivå ceiling((n+1)*nivå)/n, per horisont; kalibrert bare på feil som var realisert ved opprinnelsen.","2026-08-09","basis","2026-12",6,16944,15117,18993,14549,19734,31,"vedtatt_kalender"
"2026-06","2026-08-04","1cf2e237d37102b43a628398e2df6a819370ca2b","2026-08-14T04:14:47Z","M6 RegARIMA + X + k (point-in-time)","tidsgyldig split-konformal kvantil av absolutte logfeil, endelig-utvalgsnivå ceiling((n+1)*nivå)/n, per horisont; kalibrert bare på feil som var realisert ved opprinnelsen.","2026-08-09","basis","2027-01",7,17030,15103,19204,14471,20043,31,"viderefort_regelverk"
"2026-06","2026-08-04","1cf2e237d37102b43a628398e2df6a819370ca2b","2026-08-14T04:14:47Z","M6 RegARIMA + X + k (point-in-time)","tidsgyldig split-konformal kvantil av absolutte logfeil, endelig-utvalgsnivå ceiling((n+1)*nivå)/n, per horisont; kalibrert bare på feil som var realisert ved opprinnelsen.","2026-08-09","basis","2027-02",8,17087,14763,19777,14373,20314,31,"viderefort_regelverk"
"2026-06","2026-08-04","1cf2e237d37102b43a628398e2df6a819370ca2b","2026-08-14T04:14:47Z","M6 RegARIMA + X + k (point-in-time)","tidsgyldig split-konformal kvantil av absolutte logfeil, endelig-utvalgsnivå ceiling((n+1)*nivå)/n, per horisont; kalibrert bare på feil som var realisert ved opprinnelsen.","2026-08-09","basis","2027-03",9,17147,14670,20042,14211,20690,31,"viderefort_regelverk"
"2026-06","2026-08-04","1cf2e237d37102b43a628398e2df6a819370ca2b","2026-08-14T04:14:47Z","M6 RegARIMA + X + k (point-in-time)","tidsgyldig split-konformal kvantil av absolutte logfeil, endelig-utvalgsnivå ceiling((n+1)*nivå)/n, per horisont; kalibrert bare på feil som var realisert ved opprinnelsen.","2026-08-09","basis","2027-04",10,17147,14754,19929,14087,20873,31,"viderefort_regelverk"
"2026-06","2026-08-04","1cf2e237d37102b43a628398e2df6a819370ca2b","2026-08-14T04:14:47Z","M6 RegARIMA + X + k (point-in-time)","tidsgyldig split-konformal kvantil av absolutte logfeil, endelig-utvalgsnivå ceiling((n+1)*nivå)/n, per horisont; kalibrert bare på feil som var realisert ved opprinnelsen.","2026-08-09","basis","2027-05",11,17071,14820,19663,14027,20775,31,"viderefort_regelverk"
"2026-06","2026-08-04","1cf2e237d37102b43a628398e2df6a819370ca2b","2026-08-14T04:14:47Z","M6 RegARIMA + X + k (point-in-time)","tidsgyldig split-konformal kvantil av absolutte logfeil, endelig-utvalgsnivå ceiling((n+1)*nivå)/n, per horisont; kalibrert bare på feil som var realisert ved opprinnelsen.","2026-08-09","basis","2027-06",12,16896,14355,19887,13939,20481,31,"viderefort_regelverk"
