brukergruppe,aar,manedsnr,ant_husstander_utbetaling,ant_husstander_termin,ant_soknader,ant_avslag,utbetalt_belop,gjsnitt_bostotte,gjsnitt_inntekt_mnd,gjsnitt_boutgift_mnd,ant_over_tak,geo
Eldre,2010,1,0,2118,2118,0,0,,,,0,Oslo
Eldre,2010,2,2118,2181,2181,0,4761161,2247.95,11891.45,9067.76,648,Oslo
Eldre,2010,3,2181,2207,2207,0,4928626,2259.8,11862.46,9013.35,685,Oslo
Eldre,2010,4,2207,2244,2244,0,5007315,2268.83,11834.73,8996.4,703,Oslo
Eldre,2010,5,2244,2254,2289,35,5113171,2278.6,11799.25,8965.43,724,Oslo
Eldre,2010,6,2254,2258,2295,37,5132694,2277.15,11800.86,8976.37,739,Oslo
Eldre,2010,7,2258,2142,2274,132,5138298,2275.6,11762.38,8965.72,738,Oslo
Eldre,2010,8,2142,2163,2191,28,4770926,2227.32,12625.53,9163.29,709,Oslo
Eldre,2010,9,2163,2178,2222,44,4841730,2238.43,12603.96,5920.36,728,Oslo
Eldre,2010,10,2178,2164,2216,52,4898236,2248.96,12586.9,5957.5,747,Oslo
Eldre,2010,11,2164,2173,2214,41,4867140,2249.14,12598.73,5969.77,757,Oslo
Eldre,2010,12,2173,2172,2208,36,4895672,2252.96,12585.79,5987.11,764,Oslo
Eldre,2011,1,2172,2176,2224,48,4903288,2257.5,12582.32,6010.24,768,Oslo
Eldre,2011,2,2176,2198,2283,85,4929045,2265.19,12531.52,6082.01,779,Oslo
Eldre,2011,3,2198,2199,2267,68,5001385,2275.43,12525.63,6125.29,816,Oslo
Eldre,2011,4,2199,2197,2238,41,5008363,2277.56,12525.96,6139.44,826,Oslo
Eldre,2011,5,2197,2202,2246,44,5028524,2288.81,12497.26,6168.31,839,Oslo
Eldre,2011,6,2202,2201,2233,32,5061208,2298.46,12459.65,6151.28,857,Oslo
Eldre,2011,7,2201,2060,2251,191,5070161,2303.57,12432.1,6173.45,865,Oslo
Eldre,2011,8,2060,2060,2097,37,4657041,2260.7,13068.38,6266.32,786,Oslo
Eldre,2011,9,2060,2055,2104,49,4683622,2273.6,13057.32,6303.28,803,Oslo
Eldre,2011,10,2055,2029,2092,63,4691386,2282.91,13025.4,6322.6,811,Oslo
Eldre,2011,11,2029,2040,2076,36,4655296,2294.38,13036.43,6350.14,810,Oslo
Eldre,2011,12,2040,2040,2072,32,4723884,2315.63,12998.23,6386.78,821,Oslo
Eldre,2012,1,2040,2035,2076,41,4739250,2323.16,12963.15,6413.83,833,Oslo
Eldre,2012,2,2035,2048,2081,33,4740307,2329.39,12939.12,6442.24,844,Oslo
Eldre,2012,3,2048,2046,2085,39,4787267,2337.53,12899.6,6456.93,860,Oslo
Eldre,2012,4,2046,2042,2089,47,4815780,2353.75,12873.91,6495.35,877,Oslo
Eldre,2012,5,2042,2054,2100,46,4825022,2362.89,12838.75,6512.64,888,Oslo
Eldre,2012,6,2054,2061,2104,43,4883583,2377.6,12794.17,6549.55,908,Oslo
Eldre,2012,7,2061,1897,2107,210,4935124,2394.53,12757.62,6589.11,927,Oslo
Eldre,2012,8,1897,1907,1947,40,4414324,2327.0,13387.03,6719.99,884,Oslo
Eldre,2012,9,1907,1914,1962,48,4453573,2335.38,13362.68,6731.31,895,Oslo
Eldre,2012,10,1914,1909,1955,46,4482301,2341.85,13327.82,6761.9,903,Oslo
Eldre,2012,11,1909,1907,1941,34,4491416,2352.76,13345.87,6800.35,918,Oslo
Eldre,2012,12,1907,1910,1938,28,4499228,2359.32,13327.67,6843.05,933,Oslo
Eldre,2013,1,1910,1899,1942,43,4528599,2370.99,13313.63,6887.73,953,Oslo
Eldre,2013,2,1899,1877,1952,75,4515096,2377.62,13279.15,6910.57,954,Oslo
Eldre,2013,3,1877,1901,1940,39,4474440,2383.83,13307.98,6983.45,966,Oslo
Eldre,2013,4,1901,1911,1952,41,4557407,2397.37,13276.93,7011.92,988,Oslo
Eldre,2013,5,1911,1926,1970,44,4609585,2412.13,13231.59,7032.09,1003,Oslo
Eldre,2013,6,1926,1921,1966,45,4664277,2421.74,13210.58,7055.38,1019,Oslo
Eldre,2013,7,1921,1729,1965,236,4664261,2428.04,13184.12,7092.42,1031,Oslo
Eldre,2013,8,1729,1729,1781,52,4118933,2382.26,13721.18,7311.88,986,Oslo
Eldre,2013,9,1729,1746,1782,36,4122077,2384.08,13738.89,7349.35,1002,Oslo
Eldre,2013,10,1746,1738,1782,44,4152773,2378.45,13723.39,7375.79,1017,Oslo
Eldre,2013,11,1738,1758,1786,28,4157563,2392.15,13676.1,7396.72,1023,Oslo
Eldre,2013,12,1758,1768,1799,31,4212085,2395.95,13663.76,7436.83,1044,Oslo
Eldre,2014,1,1768,1759,1811,52,4267990,2414.02,13593.23,7465.8,1063,Oslo
Eldre,2014,2,1759,1778,1815,37,4343580,2469.35,13545.67,7507.87,1051,Oslo
Eldre,2014,3,1778,1782,1807,25,4420110,2486.0,13510.38,7542.26,1075,Oslo
Eldre,2014,4,1782,1785,1825,40,4443973,2493.81,13509.88,7551.88,1077,Oslo
Eldre,2014,5,1785,1797,1826,29,4473649,2506.25,13454.25,7553.67,1086,Oslo
Eldre,2014,6,1797,1797,1835,38,4512684,2511.23,13440.39,7591.92,1104,Oslo
Eldre,2014,7,1797,1635,1842,207,4521419,2516.09,13378.1,7597.52,1111,Oslo
Eldre,2014,8,1635,1625,1681,56,3940943,2410.36,13833.53,7773.86,1065,Oslo
Eldre,2014,9,1625,1632,1669,37,3943008,2426.47,13762.52,7818.29,1066,Oslo
Eldre,2014,10,1632,1634,1685,51,3943728,2416.5,13814.8,7851.29,1080,Oslo
Eldre,2014,11,1634,1645,1690,45,3960527,2423.82,13783.1,7888.14,1090,Oslo
Eldre,2014,12,1645,1644,1678,34,3987479,2424.0,13796.08,7887.22,1101,Oslo
Eldre,2015,1,1644,1590,1693,103,3985227,2424.1,13813.37,7912.22,1112,Oslo
Eldre,2015,2,1590,1618,1659,41,3919346,2465.0,13799.2,7978.33,1060,Oslo
Eldre,2015,3,1618,1633,1671,38,4008002,2477.13,13759.91,8019.24,1088,Oslo
Eldre,2015,4,1633,1641,1669,28,4071325,2493.16,13692.03,8053.01,1108,Oslo
Eldre,2015,5,1641,1647,1674,27,4103182,2500.42,13644.1,8088.18,1117,Oslo
Eldre,2015,6,1647,1650,1685,35,4133830,2509.91,13603.55,8110.46,1128,Oslo
Eldre,2015,7,1650,1544,1693,149,4153560,2517.31,13580.61,8125.12,1133,Oslo
Eldre,2015,8,1544,1558,1596,38,3705559,2399.97,14152.92,8247.94,1093,Oslo
Eldre,2015,9,1558,1561,1599,38,3751833,2408.11,14114.84,8280.55,1111,Oslo
Eldre,2015,10,1561,1569,1618,49,3766687,2413.0,14085.22,8305.43,1116,Oslo
Eldre,2015,11,1569,1569,1616,47,3778973,2408.52,14094.88,8301.24,1121,Oslo
Eldre,2015,12,1569,1579,1608,29,3791326,2416.4,14055.27,8337.78,1129,Oslo
Eldre,2016,1,1579,1550,1612,62,3821424,2420.15,14008.09,8360.86,1140,Oslo
Eldre,2016,2,1550,1571,1597,26,3801781,2452.76,13997.01,8413.1,1113,Oslo
Eldre,2016,3,1571,1586,1622,36,3859082,2456.45,13992.35,8436.81,1134,Oslo
Eldre,2016,4,1586,1614,1654,40,3897329,2457.33,13963.64,8456.88,1150,Oslo
Eldre,2016,5,1614,1640,1669,29,3994725,2475.05,13912.85,8497.73,1176,Oslo
Eldre,2016,6,1640,1627,1670,43,4165316,2539.83,13836.93,8700.81,1244,Oslo
Eldre,2016,7,1627,1510,1660,150,4135518,2541.81,13827.7,8709.31,1236,Oslo
Eldre,2016,8,1510,1524,1564,40,3725959,2467.52,14309.67,8811.71,1174,Oslo
Eldre,2016,9,1524,1528,1581,53,3771919,2475.01,14290.75,8823.47,1190,Oslo
Eldre,2016,10,1528,1522,1570,48,3786295,2477.94,14307.62,8892.19,1194,Oslo
Eldre,2016,11,1522,1529,1557,28,3778091,2482.32,14240.68,8928.82,1197,Oslo
Eldre,2016,12,1529,1528,1564,36,3778945,2471.51,14259.85,8937.45,1205,Oslo
Eldre,2017,1,1528,1454,1599,145,3788231,2479.21,14228.86,8958.98,1206,Oslo
Eldre,2017,2,1454,1468,1641,173,3629729,2496.37,14821.51,9015.13,1153,Oslo
Eldre,2017,3,1468,1483,1671,188,3681745,2508.0,14825.24,9028.02,1163,Oslo
Eldre,2017,4,1483,1505,1633,128,3748211,2527.45,14764.29,9095.77,1183,Oslo
Eldre,2017,5,1505,1513,1631,118,3801927,2526.2,14791.08,9100.7,1205,Oslo
Eldre,2017,6,1513,1514,1623,109,3819466,2524.43,14767.89,9092.62,1216,Oslo
Eldre,2017,7,1514,1532,1635,103,4086978,2699.46,14831.59,9100.6,1192,Oslo
Eldre,2017,8,1532,1532,1636,104,4113376,2684.97,14935.14,9172.31,1219,Oslo
Eldre,2017,9,1532,1529,1642,113,4253957,2776.73,14706.57,9199.96,1231,Oslo
Eldre,2017,10,1529,1541,1650,109,4152294,2715.69,14859.51,9221.13,1235,Oslo
Eldre,2017,11,1541,1549,1643,94,4189774,2718.87,14785.46,9237.17,1250,Oslo
Eldre,2017,12,1549,1536,1644,108,4200697,2711.88,14846.46,9272.76,1262,Oslo
Eldre,2018,1,1536,1529,1656,127,4159977,2708.32,14898.58,9282.38,1251,Oslo
Eldre,2018,2,1529,1561,1666,105,3918216,2562.6,15236.98,9340.2,1260,Oslo
Eldre,2018,3,1561,1563,1674,111,4223523,2705.65,14945.92,9321.71,1277,Oslo
Eldre,2018,4,1563,1572,1675,103,4230728,2706.8,14877.12,9336.11,1281,Oslo
Eldre,2018,5,1572,1586,1680,94,4250846,2704.1,14877.98,9341.35,1292,Oslo
Eldre,2018,6,1586,1522,1677,155,4278326,2697.56,14872.85,9371.69,1308,Oslo
Eldre,2018,7,1522,1572,1689,117,3853622,2531.95,15539.93,9435.93,1248,Oslo
Eldre,2018,8,1572,1570,1692,122,4211076,2678.8,15283.68,9450.21,1292,Oslo
Eldre,2018,9,1570,1584,1676,92,4222865,2689.72,15181.76,9432.74,1287,Oslo
Eldre,2018,10,1584,1592,1703,111,4270803,2696.21,15130.4,9495.68,1304,Oslo
Eldre,2018,11,1592,1605,1704,99,4294520,2697.56,15151.69,9502.59,1309,Oslo
Eldre,2018,12,1605,1594,1695,101,4348055,2709.07,15142.48,9516.67,1319,Oslo
Eldre,2019,1,1594,1589,1730,141,4306649,2701.79,15170.81,9507.76,1309,Oslo
Eldre,2019,2,1589,1620,1729,109,4081529,2568.61,15485.64,9592.53,1316,Oslo
Eldre,2019,3,1620,1621,1738,117,4392160,2711.21,15171.27,9587.87,1338,Oslo
Eldre,2019,4,1621,1615,1736,121,4395101,2711.35,15161.65,9611.52,1341,Oslo
Eldre,2019,5,1615,1635,1741,106,4361247,2700.46,15220.17,9618.21,1333,Oslo
Eldre,2019,6,1635,1612,1746,134,4417395,2701.77,15237.87,9631.42,1352,Oslo
Eldre,2019,7,1612,1631,1753,122,4263788,2645.03,15743.51,9683.13,1306,Oslo
Eldre,2019,8,1631,1635,1767,132,4609016,2825.88,15465.6,9714.29,1312,Oslo
Eldre,2019,9,1635,1640,1761,121,4571034,2795.74,15523.3,9702.78,1307,Oslo
Eldre,2019,10,1640,1649,1747,98,4756263,2900.16,15727.26,9759.16,1318,Oslo
Eldre,2019,11,1649,1640,1754,114,4816444,2920.83,15573.25,9772.58,1327,Oslo
Eldre,2019,12,1640,1654,1741,87,4775954,2912.17,15625.39,9784.99,1319,Oslo
Eldre,2020,1,1654,1660,1754,94,4827671,2918.79,15661.98,9795.64,1331,Oslo
Eldre,2020,2,1660,1680,1759,79,4632775,2790.83,16005.02,9867.31,1353,Oslo
Eldre,2020,3,1680,1681,1765,84,4910890,2923.15,15711.33,9855.92,1369,Oslo
Eldre,2020,4,1681,1717,1780,63,4901445,2915.79,15697.72,9838.29,1369,Oslo
Eldre,2020,5,1717,1729,1796,67,6486291,3777.69,15777.91,9858.09,1114,Oslo
Eldre,2020,6,1729,1728,1814,86,6506762,3763.31,15842.17,9867.5,1127,Oslo
Eldre,2020,7,1728,1760,1844,84,6704204,3879.75,15828.39,9887.29,1063,Oslo
Eldre,2020,8,1760,1773,1855,82,6825691,3878.23,15827.38,9889.46,1080,Oslo
Eldre,2020,9,1773,1797,1857,60,6851435,3864.32,15837.78,9910.74,1094,Oslo
Eldre,2020,10,1797,1762,1820,58,6948443,3866.69,15780.98,9936.3,1113,Oslo
Eldre,2020,11,1762,1766,1887,121,6726988,3817.81,15992.96,9960.34,1100,Oslo
Eldre,2020,12,1766,1783,1895,112,5329398,3017.78,15726.4,9929.28,1439,Oslo
Eldre,2021,1,1783,1793,1924,131,5386288,3020.91,15787.4,9951.79,1454,Oslo
Eldre,2021,2,1793,1783,1857,74,5138087,2865.64,16138.35,9998.88,1471,Oslo
Eldre,2021,3,1783,1792,1885,93,5345046,2997.78,15809.62,9968.07,1459,Oslo
Eldre,2021,4,1792,1822,1906,84,5352805,2987.06,15851.09,9978.54,1469,Oslo
Eldre,2021,5,1822,1595,1900,305,5443015,2987.38,15831.4,9993.72,1495,Oslo
Eldre,2021,6,1595,1669,1883,214,3445976,2160.49,17351.04,10233.33,1381,Oslo
Eldre,2021,7,1669,1754,1890,136,4390692,2630.73,17208.24,10048.07,1313,Oslo
Eldre,2021,8,1754,1772,1875,103,4978758,2838.52,16797.31,10057.56,1380,Oslo
Eldre,2021,9,1772,1772,1864,92,5070417,2861.41,16698.49,10061.61,1394,Oslo
Eldre,2021,10,1772,1774,1880,106,5049553,2849.63,16767.06,10080.11,1398,Oslo
Eldre,2021,11,1774,1768,1893,125,5077132,2861.97,16755.54,10115.46,1407,Oslo
Eldre,2021,12,1768,1877,2021,144,5019823,2839.27,16887.55,10134.33,1408,Oslo
Eldre,2022,1,1877,1951,2111,160,5710427,3042.32,17662.37,10134.13,1478,Oslo
Eldre,2022,2,1951,1994,2153,159,6180583,3167.91,17733.77,10198.73,1503,Oslo
Eldre,2022,3,1994,1969,2188,219,6394576,3206.91,17532.93,10205.63,1526,Oslo
Eldre,2022,4,1969,1972,2212,240,6350508,3225.25,17576.97,10320.97,1538,Oslo
Eldre,2022,5,1972,1967,2153,186,6353729,3221.97,17587.24,10345.22,1543,Oslo
Eldre,2022,6,1967,1935,2191,256,6310985,3208.43,17614.28,10380.29,1546,Oslo
Eldre,2022,7,1935,2000,2132,132,5885083,3041.39,18758.63,10384.82,1511,Oslo
Eldre,2022,8,2000,2004,2145,141,6395670,3197.84,18213.53,10421.53,1562,Oslo
Eldre,2022,9,2004,2028,2167,139,6413623,3200.41,18191.56,10451.09,1569,Oslo
Eldre,2022,10,2028,2028,2185,157,6485725,3198.09,18236.9,10467.96,1589,Oslo
Eldre,2022,11,2028,2083,2276,193,6452832,3181.87,18269.12,10499.04,1598,Oslo
Eldre,2022,12,2083,2121,2354,233,6541768,3140.55,18428.03,10552.09,1648,Oslo
Eldre,2023,1,2121,2169,2416,247,6593061,3108.47,18577.35,10612.93,1689,Oslo
Eldre,2023,2,2169,2212,2455,243,6598548,3042.21,18841.37,10697.43,1742,Oslo
Eldre,2023,3,2212,2237,2464,227,6855674,3099.31,18679.04,10728.01,1786,Oslo
Eldre,2023,4,2237,2271,2469,198,7035851,3145.22,18876.19,10791.6,1825,Oslo
Eldre,2023,5,2271,2253,2467,214,7143341,3145.46,18865.75,10830.78,1853,Oslo
Eldre,2023,6,2253,2226,2461,235,7040152,3124.79,18896.46,10856.03,1847,Oslo
Eldre,2023,7,2226,2233,2480,247,6843046,3074.14,20063.78,10934.04,1783,Oslo
Eldre,2023,8,2233,2284,2456,172,6864817,3074.26,20134.01,10968.65,1786,Oslo
Eldre,2023,9,2284,2273,2410,137,7029467,3077.7,20147.34,11031.19,1844,Oslo
Eldre,2023,10,2273,2286,2412,126,6992482,3076.32,20180.03,11065.75,1841,Oslo
Eldre,2023,11,2286,2313,2435,122,7040055,3079.64,20157.92,11091.65,1860,Oslo
Eldre,2023,12,2313,2329,2441,112,7089682,3065.15,20265.18,11121.47,1888,Oslo
Eldre,2024,1,2329,2361,2486,125,7141921,3066.52,20242.29,11136.9,1898,Oslo
Eldre,2024,2,2361,2378,2487,109,7260605,3075.22,20194.53,11215.81,1934,Oslo
Eldre,2024,3,2378,2382,2496,114,7288149,3064.82,20284.47,11220.11,1947,Oslo
Eldre,2024,4,2382,2022,2484,462,7315706,3071.25,20297.32,11284.88,1951,Oslo
Eldre,2024,5,2022,2037,2487,450,5895634,2915.74,19114.11,11234.79,1654,Oslo
Eldre,2024,6,2037,2074,2498,424,5926087,2909.22,19156.97,11297.52,1674,Oslo
Eldre,2024,7,2074,2195,2520,325,6401466,3086.53,19863.3,11388.75,1641,Oslo
Eldre,2024,8,2195,2209,2314,105,7410588,3376.12,20182.38,11459.95,1667,Oslo
Eldre,2024,9,2209,2210,2339,129,7523344,3405.77,20065.39,11492.81,1681,Oslo
Eldre,2024,10,2210,2226,2372,146,7531057,3407.72,20024.38,11539.96,1692,Oslo
Eldre,2024,11,2226,2238,2366,128,7672732,3446.87,19979.48,11600.09,1710,Oslo
Eldre,2024,12,2238,2235,2348,113,7682956,3432.96,20075.71,11665.99,1731,Oslo
Eldre,2025,1,2235,2254,2370,116,7692958,3442.04,20022.35,11690.34,1732,Oslo
Eldre,2025,2,2254,2258,2362,104,7778602,3451.02,20058.85,11760.58,1759,Oslo
Eldre,2025,3,2258,2232,2377,145,7781020,3445.98,20087.17,11799.45,1766,Oslo
Eldre,2025,4,2232,2241,2371,130,7586570,3399.0,20232.18,11853.22,1754,Oslo
Eldre,2025,5,2241,2236,2378,142,7714118,3442.27,20127.41,11901.79,1769,Oslo
Eldre,2025,6,2236,2228,2378,150,7693672,3440.82,20092.68,11933.29,1774,Oslo
Eldre,2025,7,2228,2236,2380,144,7701329,3456.61,20900.83,12002.94,1667,Oslo
Eldre,2025,8,2236,2227,2364,137,7734464,3459.06,20940.62,12055.12,1682,Oslo
Eldre,2025,9,2227,2282,2377,95,7711897,3462.91,20885.78,12098.24,1684,Oslo
Eldre,2025,10,2282,2269,2387,118,7899576,3461.69,20916.37,12107.72,1728,Oslo
Eldre,2025,11,2269,2294,2401,107,7850518,3459.9,20928.0,12178.5,1725,Oslo
Eldre,2025,12,2294,2289,2405,116,7963700,3471.53,20879.73,12233.01,1749,Oslo
Eldre,2026,1,2289,2305,2441,136,7992248,3491.59,20876.78,12313.01,1760,Oslo
Eldre,2026,2,2305,2310,2446,136,8038910,3487.6,20882.81,12571.23,1780,Oslo
Eldre,2026,3,2310,2331,2455,124,8052549,3485.95,20940.92,12634.59,1794,Oslo
Eldre,2026,4,2331,2344,2472,128,8145219,3494.3,20983.66,12694.73,1813,Oslo
Eldre,2026,5,2344,2343,2526,183,8267123,3526.93,20872.62,12753.4,1833,Oslo
Eldre,2026,6,2343,2324,2556,232,8251490,3521.76,20892.62,12861.29,1854,Oslo
Eldre,2026,7,2324,0,0,0,8238994,3545.18,21762.34,12762.29,1762,Oslo
Husstander med midlertidige trygdeytelser,2010,1,0,3624,3639,15,0,,,,0,Oslo
Husstander med midlertidige trygdeytelser,2010,2,3624,3983,3992,9,12083434,3334.28,10297.22,7558.59,2059,Oslo
Husstander med midlertidige trygdeytelser,2010,3,3983,4338,4342,4,13237005,3323.38,10233.06,7629.31,2316,Oslo
Husstander med midlertidige trygdeytelser,2010,4,4338,4699,4703,4,14392991,3317.89,10154.66,7682.9,2559,Oslo
Husstander med midlertidige trygdeytelser,2010,5,4699,4840,5000,160,15567394,3312.92,10117.05,7680.43,2805,Oslo
Husstander med midlertidige trygdeytelser,2010,6,4840,4952,5112,160,16039754,3314.0,10038.18,7700.53,2924,Oslo
Husstander med midlertidige trygdeytelser,2010,7,4952,4674,5173,499,16387614,3309.29,9974.39,7715.71,3007,Oslo
Husstander med midlertidige trygdeytelser,2010,8,4674,4826,4998,172,14926595,3193.54,11419.28,7726.05,2849,Oslo
Husstander med midlertidige trygdeytelser,2010,9,4826,4927,5161,234,15422835,3195.78,11323.07,7732.69,2978,Oslo
Husstander med midlertidige trygdeytelser,2010,10,4927,4953,5281,328,15745258,3195.71,11160.21,7729.19,3045,Oslo
Husstander med midlertidige trygdeytelser,2010,11,4953,5101,5286,185,15730339,3175.92,11329.59,7757.22,3109,Oslo
Husstander med midlertidige trygdeytelser,2010,12,5101,5170,5324,154,16193100,3174.5,11231.51,7772.08,3223,Oslo
Husstander med midlertidige trygdeytelser,2011,1,5170,4969,5331,362,16443887,3180.64,11148.87,7804.0,3302,Oslo
Husstander med midlertidige trygdeytelser,2011,2,4969,5186,5403,217,15812320,3182.19,11064.7,7832.07,3202,Oslo
Husstander med midlertidige trygdeytelser,2011,3,5186,5322,5519,197,16520914,3185.68,10956.02,7853.14,3367,Oslo
Husstander med midlertidige trygdeytelser,2011,4,5322,5420,5644,224,16967319,3188.15,10855.25,7880.24,3485,Oslo
Husstander med midlertidige trygdeytelser,2011,5,5420,5442,5605,163,17289348,3189.92,10779.48,7900.2,3572,Oslo
Husstander med midlertidige trygdeytelser,2011,6,5442,5509,5685,176,17373447,3192.47,10711.32,7906.08,3597,Oslo
Husstander med midlertidige trygdeytelser,2011,7,5509,5025,5493,468,17618973,3198.22,10608.77,7918.96,3664,Oslo
Husstander med midlertidige trygdeytelser,2011,8,5025,5170,5368,198,16145662,3213.07,11785.04,7909.12,3096,Oslo
Husstander med midlertidige trygdeytelser,2011,9,5170,5156,5377,221,16605630,3211.92,11759.73,7924.98,3215,Oslo
Husstander med midlertidige trygdeytelser,2011,10,5156,5187,5474,287,16514044,3202.88,11701.5,7939.38,3238,Oslo
Husstander med midlertidige trygdeytelser,2011,11,5187,5265,5445,180,16639589,3207.94,11687.11,8070.88,3302,Oslo
Husstander med midlertidige trygdeytelser,2011,12,5265,5335,5491,156,16949666,3219.31,11611.36,8107.89,3386,Oslo
Husstander med midlertidige trygdeytelser,2012,1,5335,5243,5522,279,17257158,3234.71,11504.64,8148.8,3475,Oslo
Husstander med midlertidige trygdeytelser,2012,2,5243,5336,5496,160,16937399,3230.48,11384.4,8169.24,3442,Oslo
Husstander med midlertidige trygdeytelser,2012,3,5336,5431,5638,207,17298833,3241.91,11276.85,8197.45,3541,Oslo
Husstander med midlertidige trygdeytelser,2012,4,5431,5503,5660,157,17636145,3247.31,11235.61,8238.94,3642,Oslo
Husstander med midlertidige trygdeytelser,2012,5,5503,5501,5701,200,17937191,3259.53,11115.15,8265.65,3695,Oslo
Husstander med midlertidige trygdeytelser,2012,6,5501,5561,5720,159,17998761,3271.91,11032.71,8308.51,3745,Oslo
Husstander med midlertidige trygdeytelser,2012,7,5561,5032,5627,595,18161821,3265.93,11014.62,8322.99,3785,Oslo
Husstander med midlertidige trygdeytelser,2012,8,5032,5060,5287,227,15575731,3095.34,12573.82,8375.97,3478,Oslo
Husstander med midlertidige trygdeytelser,2012,9,5060,5050,5305,255,15708659,3104.48,12516.44,8429.31,3533,Oslo
Husstander med midlertidige trygdeytelser,2012,10,5050,5134,5351,217,15690055,3106.94,12601.08,8486.1,3585,Oslo
Husstander med midlertidige trygdeytelser,2012,11,5134,5212,5435,223,15971845,3110.99,12542.89,8498.15,3659,Oslo
Husstander med midlertidige trygdeytelser,2012,12,5212,5291,5473,182,16271608,3121.95,12436.45,8545.63,3750,Oslo
Husstander med midlertidige trygdeytelser,2013,1,5291,5151,5405,254,16583376,3134.26,12339.36,8591.51,3846,Oslo
Husstander med midlertidige trygdeytelser,2013,2,5151,5047,5461,414,16221008,3149.1,12197.76,8610.3,3762,Oslo
Husstander med midlertidige trygdeytelser,2013,3,5047,5153,5345,192,15993257,3168.86,12107.63,8667.5,3708,Oslo
Husstander med midlertidige trygdeytelser,2013,4,5153,5244,5404,160,16409000,3184.36,12002.79,8716.88,3809,Oslo
Husstander med midlertidige trygdeytelser,2013,5,5244,5286,5447,161,16741391,3192.48,11912.73,8648.63,3894,Oslo
Husstander med midlertidige trygdeytelser,2013,6,5286,5327,5488,161,16908114,3198.66,11817.53,8664.07,3935,Oslo
Husstander med midlertidige trygdeytelser,2013,7,5327,4932,5397,465,17073451,3205.08,11771.13,8682.53,3977,Oslo
Husstander med midlertidige trygdeytelser,2013,8,4932,4925,5167,242,14837050,3008.32,13026.59,8705.79,3713,Oslo
Husstander med midlertidige trygdeytelser,2013,9,4925,4926,5167,241,14804820,3006.05,13080.67,8757.8,3746,Oslo
Husstander med midlertidige trygdeytelser,2013,10,4926,5021,5226,205,14763176,2996.99,13078.44,8771.37,3751,Oslo
Husstander med midlertidige trygdeytelser,2013,11,5021,5109,5311,202,15111246,3009.61,12986.2,8827.81,3851,Oslo
Husstander med midlertidige trygdeytelser,2013,12,5109,5132,5287,155,15457498,3025.54,12906.02,8865.3,3946,Oslo
Husstander med midlertidige trygdeytelser,2014,1,5132,4963,5241,278,15624080,3044.44,12800.17,8894.08,3985,Oslo
Husstander med midlertidige trygdeytelser,2014,2,4963,5044,5225,181,15603378,3143.94,12675.31,8919.33,3823,Oslo
Husstander med midlertidige trygdeytelser,2014,3,5044,5090,5269,179,15940767,3160.34,12579.68,8978.43,3920,Oslo
Husstander med midlertidige trygdeytelser,2014,4,5090,5042,5205,163,16135507,3170.04,12474.46,9021.16,3977,Oslo
Husstander med midlertidige trygdeytelser,2014,5,5042,5061,5203,142,16129835,3199.09,12296.06,9060.19,3960,Oslo
Husstander med midlertidige trygdeytelser,2014,6,5061,5048,5232,184,16214503,3203.81,12249.73,9081.35,3991,Oslo
Husstander med midlertidige trygdeytelser,2014,7,5048,4639,5109,470,16213796,3211.92,12192.04,9105.33,3997,Oslo
Husstander med midlertidige trygdeytelser,2014,8,4639,4543,4821,278,14134791,3046.95,13301.17,9131.43,3703,Oslo
Husstander med midlertidige trygdeytelser,2014,9,4543,4413,4624,211,13811111,3040.09,13416.06,9186.06,3649,Oslo
Husstander med midlertidige trygdeytelser,2014,10,4413,4461,4652,191,13394709,3035.28,13421.88,9211.11,3561,Oslo
Husstander med midlertidige trygdeytelser,2014,11,4461,4502,4663,161,13593726,3047.24,13358.93,9258.92,3618,Oslo
Husstander med midlertidige trygdeytelser,2014,12,4502,4535,4694,159,13749946,3054.19,13265.27,9284.94,3682,Oslo
Husstander med midlertidige trygdeytelser,2015,1,4535,4407,4750,343,13897363,3064.47,13109.19,9291.5,3703,Oslo
Husstander med midlertidige trygdeytelser,2015,2,4407,4485,4638,153,13889578,3151.71,12803.85,9369.81,3488,Oslo
Husstander med midlertidige trygdeytelser,2015,3,4485,4545,4720,175,14288735,3185.89,12702.16,9422.51,3565,Oslo
Husstander med midlertidige trygdeytelser,2015,4,4545,4578,4750,172,14527135,3196.29,12615.4,9468.54,3635,Oslo
Husstander med midlertidige trygdeytelser,2015,5,4578,4617,4758,141,14665130,3203.39,12480.23,9488.65,3665,Oslo
Husstander med midlertidige trygdeytelser,2015,6,4617,4648,4829,181,14811747,3208.09,12390.31,9512.65,3713,Oslo
Husstander med midlertidige trygdeytelser,2015,7,4648,4211,4696,485,14937693,3213.79,12309.1,9530.1,3747,Oslo
Husstander med midlertidige trygdeytelser,2015,8,4211,4320,4480,160,12852237,3052.06,13390.67,9562.11,3438,Oslo
Husstander med midlertidige trygdeytelser,2015,9,4320,4154,4409,255,13260289,3069.51,13301.3,9617.59,3552,Oslo
Husstander med midlertidige trygdeytelser,2015,10,4154,4234,4409,175,12661920,3048.13,13310.43,9601.0,3425,Oslo
Husstander med midlertidige trygdeytelser,2015,11,4234,4286,4424,138,12965424,3062.22,13275.17,9655.26,3520,Oslo
Husstander med midlertidige trygdeytelser,2015,12,4286,4427,4572,145,13244514,3090.18,13142.28,9671.95,3566,Oslo
Husstander med midlertidige trygdeytelser,2016,1,4427,4214,4507,293,13794437,3115.98,12925.82,9706.01,3686,Oslo
Husstander med midlertidige trygdeytelser,2016,2,4214,4297,4447,150,13817187,3278.88,12816.73,9763.2,3464,Oslo
Husstander med midlertidige trygdeytelser,2016,3,4297,4326,4472,146,14108650,3283.37,12744.95,9791.41,3547,Oslo
Husstander med midlertidige trygdeytelser,2016,4,4326,4353,4493,140,14243589,3292.55,12708.68,9814.28,3576,Oslo
Husstander med midlertidige trygdeytelser,2016,5,4353,4365,4509,144,14357891,3298.39,12672.49,9844.34,3609,Oslo
Husstander med midlertidige trygdeytelser,2016,6,4365,4327,4478,151,14488071,3319.15,12585.17,9857.13,3626,Oslo
Husstander med midlertidige trygdeytelser,2016,7,4327,3968,4387,419,14324660,3310.53,12617.59,9853.18,3592,Oslo
Husstander med midlertidige trygdeytelser,2016,8,3968,4005,4151,146,12345307,3111.22,13781.49,9861.31,3314,Oslo
Husstander med midlertidige trygdeytelser,2016,9,4005,3945,4166,221,12561377,3136.42,13642.18,9900.23,3367,Oslo
Husstander med midlertidige trygdeytelser,2016,10,3945,4024,4181,157,12252113,3105.73,13676.36,9905.64,3313,Oslo
Husstander med midlertidige trygdeytelser,2016,11,4024,4085,4241,156,12577927,3125.73,13579.85,9945.73,3385,Oslo
Husstander med midlertidige trygdeytelser,2016,12,4085,4142,4276,134,12900836,3158.1,13329.19,9952.26,3447,Oslo
Husstander med midlertidige trygdeytelser,2017,1,4142,4282,6457,2175,13179491,3181.91,13182.14,9988.28,3509,Oslo
Husstander med midlertidige trygdeytelser,2017,2,4282,5400,6685,1285,13758059,3213.0,15596.24,10244.88,3699,Oslo
Husstander med midlertidige trygdeytelser,2017,3,5400,5296,6830,1534,17669372,3272.11,14971.62,10053.63,4595,Oslo
Husstander med midlertidige trygdeytelser,2017,4,5296,5501,6452,951,17161711,3240.5,15210.65,10090.08,4512,Oslo
Husstander med midlertidige trygdeytelser,2017,5,5501,4362,6462,2100,17793392,3234.57,15108.25,10037.2,4660,Oslo
Husstander med midlertidige trygdeytelser,2017,6,4362,5253,6475,1222,13882856,3182.68,15532.63,10280.29,3752,Oslo
Husstander med midlertidige trygdeytelser,2017,7,5253,4546,6231,1685,17679611,3365.62,15232.88,10098.92,4417,Oslo
Husstander med midlertidige trygdeytelser,2017,8,4546,4891,6177,1286,15149009,3332.38,15508.39,10190.88,3842,Oslo
Husstander med midlertidige trygdeytelser,2017,9,4891,5267,6278,1011,16497014,3372.93,15390.67,10164.41,4100,Oslo
Husstander med midlertidige trygdeytelser,2017,10,5267,4380,6338,1958,17794776,3378.54,15102.77,10122.96,4410,Oslo
Husstander med midlertidige trygdeytelser,2017,11,4380,5148,6350,1202,14476315,3305.09,15694.99,10319.22,3728,Oslo
Husstander med midlertidige trygdeytelser,2017,12,5148,5285,6246,961,17256013,3351.98,15358.59,10185.65,4326,Oslo
Husstander med midlertidige trygdeytelser,2018,1,5285,4412,6366,1954,17731062,3354.98,15367.21,10193.71,4460,Oslo
Husstander med midlertidige trygdeytelser,2018,2,4412,5384,6338,954,14653935,3321.38,15679.26,10379.7,3746,Oslo
Husstander med midlertidige trygdeytelser,2018,3,5384,5238,6381,1143,18111684,3363.98,15287.29,10244.54,4535,Oslo
Husstander med midlertidige trygdeytelser,2018,4,5238,4470,6363,1893,17575604,3355.4,15309.54,10275.31,4431,Oslo
Husstander med midlertidige trygdeytelser,2018,5,4470,4937,6308,1371,14836449,3319.12,15693.54,10459.68,3840,Oslo
Husstander med midlertidige trygdeytelser,2018,6,4937,4980,6258,1278,16512964,3344.74,15472.53,10384.22,4215,Oslo
Husstander med midlertidige trygdeytelser,2018,7,4980,4123,5993,1870,16168844,3246.76,15914.73,10382.7,4211,Oslo
Husstander med midlertidige trygdeytelser,2018,8,4123,4726,5951,1225,13530207,3281.64,16165.99,10583.58,3529,Oslo
Husstander med midlertidige trygdeytelser,2018,9,4726,4902,5843,941,15878420,3359.8,15762.36,10478.96,4028,Oslo
Husstander med midlertidige trygdeytelser,2018,10,4902,3870,6067,2197,16437230,3353.17,15669.35,10440.29,4158,Oslo
Husstander med midlertidige trygdeytelser,2018,11,3870,4716,5906,1190,12820201,3312.71,16214.46,10725.23,3350,Oslo
Husstander med midlertidige trygdeytelser,2018,12,4716,3993,5761,1768,15747251,3339.11,15834.01,10570.26,4044,Oslo
Husstander med midlertidige trygdeytelser,2019,1,3993,4509,5754,1245,13182324,3301.36,16194.5,10737.15,3460,Oslo
Husstander med midlertidige trygdeytelser,2019,2,4509,4861,5771,910,15591913,3457.95,15852.61,10738.89,3891,Oslo
Husstander med midlertidige trygdeytelser,2019,3,4861,4848,5740,892,16854450,3467.28,15750.59,10673.59,4185,Oslo
Husstander med midlertidige trygdeytelser,2019,4,4848,3840,5689,1849,16753072,3455.67,15762.84,10678.23,4169,Oslo
Husstander med midlertidige trygdeytelser,2019,5,3840,4450,5619,1169,13181101,3432.58,16332.99,10961.03,3352,Oslo
Husstander med midlertidige trygdeytelser,2019,6,4450,4417,5479,1062,14949330,3359.4,16177.24,10799.89,3845,Oslo
Husstander med midlertidige trygdeytelser,2019,7,4417,3616,5278,1662,15097750,3418.1,16462.47,10779.33,3740,Oslo
Husstander med midlertidige trygdeytelser,2019,8,3616,4263,5246,983,13125332,3629.79,16962.78,11055.86,3034,Oslo
Husstander med midlertidige trygdeytelser,2019,9,4263,3622,5327,1705,15943891,3740.06,16272.72,10874.48,3540,Oslo
Husstander med midlertidige trygdeytelser,2019,10,3622,4124,5272,1148,13330953,3680.55,16788.09,11140.92,3060,Oslo
Husstander med midlertidige trygdeytelser,2019,11,4124,4397,5284,887,15226185,3692.09,16540.21,10964.54,3425,Oslo
Husstander med midlertidige trygdeytelser,2019,12,4397,3561,5222,1661,16275150,3701.42,16495.59,10964.3,3669,Oslo
Husstander med midlertidige trygdeytelser,2020,1,3561,4227,5262,1035,12977397,3644.31,17130.31,11236.68,3025,Oslo
Husstander med midlertidige trygdeytelser,2020,2,4227,4349,5241,892,15769023,3730.55,16474.71,11100.12,3555,Oslo
Husstander med midlertidige trygdeytelser,2020,3,4349,3686,5431,1745,16288217,3745.28,16521.69,11127.42,3674,Oslo
Husstander med midlertidige trygdeytelser,2020,4,3686,4875,5764,889,13839770,3754.69,16978.8,11446.32,3151,Oslo
Husstander med midlertidige trygdeytelser,2020,5,4875,4815,6189,1374,21164729,4341.48,16978.68,11238.89,3510,Oslo
Husstander med midlertidige trygdeytelser,2020,6,4815,4593,6364,1771,20239171,4203.36,17420.01,11344.06,3525,Oslo
Husstander med midlertidige trygdeytelser,2020,7,4593,5306,6454,1148,20053831,4366.17,17348.29,11267.29,3165,Oslo
Husstander med midlertidige trygdeytelser,2020,8,5306,4881,6430,1549,23619903,4451.55,16762.77,11243.81,3612,Oslo
Husstander med midlertidige trygdeytelser,2020,9,4881,5643,6611,968,20753054,4251.8,17575.06,11407.82,3408,Oslo
Husstander med midlertidige trygdeytelser,2020,10,5643,5724,6603,879,25451796,4510.33,15654.69,11291.28,3874,Oslo
Husstander med midlertidige trygdeytelser,2020,11,5724,4745,6579,1834,26063993,4553.46,15788.97,11365.16,3974,Oslo
Husstander med midlertidige trygdeytelser,2020,12,4745,5285,6427,1142,18677841,3936.32,15353.21,11429.33,4045,Oslo
Husstander med midlertidige trygdeytelser,2021,1,5285,5327,6823,1496,20871867,3949.27,15503.9,11296.74,4493,Oslo
Husstander med midlertidige trygdeytelser,2021,2,5327,5451,6653,1202,20171070,3786.57,16700.61,11298.88,4520,Oslo
Husstander med midlertidige trygdeytelser,2021,3,5451,4413,7056,2643,20688686,3795.39,16715.44,11305.8,4634,Oslo
Husstander med midlertidige trygdeytelser,2021,4,4413,5661,6975,1314,16303628,3694.45,17466.25,11537.46,3755,Oslo
Husstander med midlertidige trygdeytelser,2021,5,5661,4323,6842,2519,21363621,3773.82,16726.14,11314.75,4801,Oslo
Husstander med midlertidige trygdeytelser,2021,6,4323,4914,7173,2259,15734352,3639.68,17595.06,11580.52,3720,Oslo
Husstander med midlertidige trygdeytelser,2021,7,4914,4956,6087,1131,18259411,3715.79,17640.72,11452.63,4039,Oslo
Husstander med midlertidige trygdeytelser,2021,8,4956,3942,5957,2015,18696792,3772.56,17461.42,11409.44,4051,Oslo
Husstander med midlertidige trygdeytelser,2021,9,3942,4677,5774,1097,14601646,3704.12,18110.44,11622.47,3261,Oslo
Husstander med midlertidige trygdeytelser,2021,10,4677,4715,5745,1030,17718037,3788.33,17507.83,11429.83,3850,Oslo
Husstander med midlertidige trygdeytelser,2021,11,4715,3713,5599,1886,17906350,3797.74,17366.44,11439.15,3887,Oslo
Husstander med midlertidige trygdeytelser,2021,12,3713,4881,5838,957,13889587,3740.8,18075.69,11759.19,3133,Oslo
Husstander med midlertidige trygdeytelser,2022,1,4881,4921,6172,1251,18900473,3872.25,18591.31,11594.89,4086,Oslo
Husstander med midlertidige trygdeytelser,2022,2,4921,5391,6302,911,18345998,3728.1,20028.52,11747.86,4083,Oslo
Husstander med midlertidige trygdeytelser,2022,3,5391,5298,6430,1132,21742838,4033.17,18569.21,11643.42,4412,Oslo
Husstander med midlertidige trygdeytelser,2022,4,5298,5428,6549,1121,20901629,3945.19,19213.57,11761.0,4389,Oslo
Husstander med midlertidige trygdeytelser,2022,5,5428,4496,5960,1464,22311277,4110.4,18134.56,11732.74,4500,Oslo
Husstander med midlertidige trygdeytelser,2022,6,4496,5221,7387,2166,16230727,3610.04,20627.36,11925.26,3849,Oslo
Husstander med midlertidige trygdeytelser,2022,7,5221,4914,5686,772,20430095,3913.06,20014.52,11821.11,4327,Oslo
Husstander med midlertidige trygdeytelser,2022,8,4914,4492,5838,1346,19710159,4011.02,19469.81,11801.58,4081,Oslo
Husstander med midlertidige trygdeytelser,2022,9,4492,4965,5949,984,16218925,3610.62,21159.37,11996.01,3837,Oslo
Husstander med midlertidige trygdeytelser,2022,10,4965,4872,6204,1332,19655958,3958.9,19720.98,11996.93,4140,Oslo
Husstander med midlertidige trygdeytelser,2022,11,4872,5348,6438,1090,17874565,3668.84,21117.8,12059.47,4131,Oslo
Husstander med midlertidige trygdeytelser,2022,12,5348,5476,6631,1155,21074235,3940.58,19958.52,12119.06,4480,Oslo
Husstander med midlertidige trygdeytelser,2023,1,5476,5134,6697,1563,21503122,3926.79,20026.61,12177.26,4610,Oslo
Husstander med midlertidige trygdeytelser,2023,2,5134,5865,6849,984,18482128,3599.95,21347.58,12354.83,4410,Oslo
Husstander med midlertidige trygdeytelser,2023,3,5865,5884,6950,1066,23322299,3976.52,20059.83,12293.08,4972,Oslo
Husstander med midlertidige trygdeytelser,2023,4,5884,6026,7017,991,23055229,3918.29,20428.13,12366.4,5018,Oslo
Husstander med midlertidige trygdeytelser,2023,5,6026,5107,7020,1913,23869643,3961.11,20198.56,12381.6,5131,Oslo
Husstander med midlertidige trygdeytelser,2023,6,5107,6335,7913,1578,18149071,3553.76,22045.4,12513.54,4471,Oslo
Husstander med midlertidige trygdeytelser,2023,7,6335,5350,6935,1585,28758212,4539.58,16832.06,12481.59,5278,Oslo
Husstander med midlertidige trygdeytelser,2023,8,5350,5829,6826,997,19644659,3671.9,22684.59,12715.76,4532,Oslo
Husstander med midlertidige trygdeytelser,2023,9,5829,5850,6888,1038,22992495,3944.5,21438.49,12690.03,4915,Oslo
Husstander med midlertidige trygdeytelser,2023,10,5850,5312,6905,1593,23185466,3963.33,21264.26,12715.74,4942,Oslo
Husstander med midlertidige trygdeytelser,2023,11,5312,5893,6920,1027,19193086,3613.16,22937.5,12838.49,4579,Oslo
Husstander med midlertidige trygdeytelser,2023,12,5893,6010,6915,905,23251078,3945.54,21471.49,12911.78,5018,Oslo
Husstander med midlertidige trygdeytelser,2024,1,6010,5398,7095,1697,23881600,3973.64,21355.01,12997.03,5132,Oslo
Husstander med midlertidige trygdeytelser,2024,2,5398,6228,7125,897,19397242,3593.41,22968.9,13062.54,4674,Oslo
Husstander med midlertidige trygdeytelser,2024,3,6228,6353,7288,935,24651696,3958.2,21348.96,13016.5,5344,Oslo
Husstander med midlertidige trygdeytelser,2024,4,6353,4428,7329,2901,25286128,3980.19,21253.84,13109.47,5477,Oslo
Husstander med midlertidige trygdeytelser,2024,5,4428,5342,7207,1865,17274552,3901.21,20812.69,13395.34,3879,Oslo
Husstander med midlertidige trygdeytelser,2024,6,5342,5681,7403,1722,20960317,3923.68,20000.76,13111.95,4605,Oslo
Husstander med midlertidige trygdeytelser,2024,7,5681,5473,7294,1821,26285581,4626.93,16789.24,13222.65,4782,Oslo
Husstander med midlertidige trygdeytelser,2024,8,5473,5575,6780,1205,23708749,4331.95,21575.74,13316.3,4462,Oslo
Husstander med midlertidige trygdeytelser,2024,9,5575,4488,6989,2501,24351559,4367.99,21379.99,13368.34,4587,Oslo
Husstander med midlertidige trygdeytelser,2024,10,4488,5617,7216,1599,19279463,4295.78,22251.65,13981.23,3836,Oslo
Husstander med midlertidige trygdeytelser,2024,11,5617,5698,6853,1155,24654054,4389.19,21456.54,13857.19,4778,Oslo
Husstander med midlertidige trygdeytelser,2024,12,5698,4821,6890,2069,25063819,4398.7,21448.86,13887.12,4866,Oslo
Husstander med midlertidige trygdeytelser,2025,1,4821,5881,6973,1092,21090160,4374.64,22244.09,14220.97,4167,Oslo
Husstander med midlertidige trygdeytelser,2025,2,5881,5989,6938,949,26210147,4456.75,21263.06,14046.68,5083,Oslo
Husstander med midlertidige trygdeytelser,2025,3,5989,6020,7016,996,26741430,4465.09,21276.73,14122.2,5194,Oslo
Husstander med midlertidige trygdeytelser,2025,4,6020,5965,7011,1046,26837150,4458.0,21263.61,14120.37,5219,Oslo
Husstander med midlertidige trygdeytelser,2025,5,5965,5793,6894,1101,26748302,4484.21,21231.57,14224.8,5206,Oslo
Husstander med midlertidige trygdeytelser,2025,6,5793,5703,6871,1168,25753829,4445.68,21425.31,14297.39,5055,Oslo
Husstander med midlertidige trygdeytelser,2025,7,5703,5636,6639,1003,29005428,5085.99,18066.61,14425.92,4877,Oslo
Husstander med midlertidige trygdeytelser,2025,8,5636,5669,6670,1001,25624482,4546.57,22241.38,14478.68,4840,Oslo
Husstander med midlertidige trygdeytelser,2025,9,5669,5694,6791,1097,25706727,4534.61,22233.53,14503.57,4873,Oslo
Husstander med midlertidige trygdeytelser,2025,10,5694,5742,6791,1049,25906467,4549.78,22281.34,14593.0,4897,Oslo
Husstander med midlertidige trygdeytelser,2025,11,5742,5801,6800,999,26025054,4532.4,22375.53,14641.2,4960,Oslo
Husstander med midlertidige trygdeytelser,2025,12,5801,5722,6715,993,26217365,4519.46,22492.69,14770.72,5034,Oslo
Husstander med midlertidige trygdeytelser,2026,1,5722,5776,6778,1002,26054458,4553.38,22364.28,14832.58,4986,Oslo
Husstander med midlertidige trygdeytelser,2026,2,5776,5818,6788,970,26255335,4545.59,22412.64,14887.82,5040,Oslo
Husstander med midlertidige trygdeytelser,2026,3,5818,5789,6767,978,26429103,4542.64,22282.79,14940.21,5096,Oslo
Husstander med midlertidige trygdeytelser,2026,4,5789,5759,6684,925,26240081,4532.75,22465.58,15019.12,5085,Oslo
Husstander med midlertidige trygdeytelser,2026,5,5759,5559,6670,1111,26222822,4553.36,22388.35,15122.3,5072,Oslo
Husstander med midlertidige trygdeytelser,2026,6,5559,5475,6744,1269,25652721,4614.63,22204.07,15187.64,4898,Oslo
Husstander med midlertidige trygdeytelser,2026,7,5475,0,0,0,28658727,5234.47,19403.44,15298.15,4703,Oslo
Husstander uten trygdeytelser,2010,1,0,6822,7764,942,0,,,,0,Oslo
Husstander uten trygdeytelser,2010,2,6822,6796,7537,741,23777092,3485.36,6887.96,7633.57,4029,Oslo
Husstander uten trygdeytelser,2010,3,6796,6739,7363,624,23715683,3489.65,6744.23,7653.1,4063,Oslo
Husstander uten trygdeytelser,2010,4,6739,6562,7184,622,23569594,3497.49,6585.02,7682.3,4079,Oslo
Husstander uten trygdeytelser,2010,5,6562,6660,7015,355,23088535,3518.52,6304.54,7698.11,4007,Oslo
Husstander uten trygdeytelser,2010,6,6660,6702,7059,357,23406118,3514.43,6308.37,7719.39,4080,Oslo
Husstander uten trygdeytelser,2010,7,6702,6468,7145,677,23561683,3515.62,6282.53,7710.86,4130,Oslo
Husstander uten trygdeytelser,2010,8,6468,6542,6884,342,22800511,3525.13,6200.04,7714.5,4005,Oslo
Husstander uten trygdeytelser,2010,9,6542,6584,7019,435,23021282,3519.0,6243.19,7755.39,4102,Oslo
Husstander uten trygdeytelser,2010,10,6584,6443,7052,609,23086484,3506.45,6342.13,7787.79,4165,Oslo
Husstander uten trygdeytelser,2010,11,6443,6564,6980,416,22550803,3500.05,6396.21,7800.62,4073,Oslo
Husstander uten trygdeytelser,2010,12,6564,6660,7012,352,22915806,3491.13,6492.92,7834.7,4204,Oslo
Husstander uten trygdeytelser,2011,1,6660,6686,7227,541,23227595,3487.63,6503.76,7847.62,4293,Oslo
Husstander uten trygdeytelser,2011,2,6686,6840,7233,393,23319071,3487.75,6623.66,7868.96,4343,Oslo
Husstander uten trygdeytelser,2011,3,6840,6960,7353,393,23802375,3479.88,6668.19,7883.3,4465,Oslo
Husstander uten trygdeytelser,2011,4,6960,7030,7463,433,24203866,3477.57,6706.35,7903.22,4577,Oslo
Husstander uten trygdeytelser,2011,5,7030,7119,7462,343,24428860,3474.94,6744.45,7930.14,4653,Oslo
Husstander uten trygdeytelser,2011,6,7119,7139,7475,336,24717487,3472.04,6795.65,7952.03,4737,Oslo
Husstander uten trygdeytelser,2011,7,7139,6912,7797,885,24778852,3470.91,6845.38,8018.0,4785,Oslo
Husstander uten trygdeytelser,2011,8,6912,6858,7267,409,24783770,3585.61,6970.33,8099.54,4324,Oslo
Husstander uten trygdeytelser,2011,9,6858,7007,7448,441,24658177,3595.53,6909.73,8157.51,4344,Oslo
Husstander uten trygdeytelser,2011,10,7007,6918,7490,572,25177645,3593.21,7062.94,8198.04,4482,Oslo
Husstander uten trygdeytelser,2011,11,6918,6999,7365,366,24925164,3602.94,7027.26,8143.51,4454,Oslo
Husstander uten trygdeytelser,2011,12,6999,7019,7361,342,25173189,3596.68,7088.72,8171.78,4550,Oslo
Husstander uten trygdeytelser,2012,1,7019,6933,7487,554,25249845,3597.36,7105.42,8195.08,4605,Oslo
Husstander uten trygdeytelser,2012,2,6933,7009,7408,399,24838692,3582.68,7288.22,8239.58,4598,Oslo
Husstander uten trygdeytelser,2012,3,7009,7080,7489,409,25164322,3590.29,7284.43,8277.86,4692,Oslo
Husstander uten trygdeytelser,2012,4,7080,7130,7469,339,25466708,3596.99,7298.45,8314.84,4789,Oslo
Husstander uten trygdeytelser,2012,5,7130,7150,7539,389,25647016,3597.06,7330.46,8351.97,4871,Oslo
Husstander uten trygdeytelser,2012,6,7150,7275,7568,293,25734173,3599.19,7343.53,8378.95,4896,Oslo
Husstander uten trygdeytelser,2012,7,7275,6802,7736,934,26252116,3608.54,7313.14,8408.72,5017,Oslo
Husstander uten trygdeytelser,2012,8,6802,6814,7282,468,24148378,3550.19,7235.09,8450.41,4722,Oslo
Husstander uten trygdeytelser,2012,9,6814,6885,7333,448,24246019,3558.27,7244.14,8508.7,4794,Oslo
Husstander uten trygdeytelser,2012,10,6885,6848,7300,452,24528143,3562.55,7213.43,8528.35,4870,Oslo
Husstander uten trygdeytelser,2012,11,6848,6915,7338,423,24388056,3561.34,7254.68,8566.36,4884,Oslo
Husstander uten trygdeytelser,2012,12,6915,6974,7333,359,24585504,3555.39,7283.98,8587.72,4968,Oslo
Husstander uten trygdeytelser,2013,1,6974,6918,7448,530,24777525,3552.84,7298.38,8614.5,5023,Oslo
Husstander uten trygdeytelser,2013,2,6918,6501,7471,970,24580654,3553.14,7350.71,8675.77,5034,Oslo
Husstander uten trygdeytelser,2013,3,6501,6762,7135,373,23301091,3584.23,7318.21,8758.44,4792,Oslo
Husstander uten trygdeytelser,2013,4,6762,6947,7291,344,24237562,3584.38,7293.51,8789.45,5016,Oslo
Husstander uten trygdeytelser,2013,5,6947,7109,7466,357,24928463,3588.38,7229.23,8810.38,5177,Oslo
Husstander uten trygdeytelser,2013,6,7109,7170,7500,330,25492073,3585.89,7209.09,8841.37,5333,Oslo
Husstander uten trygdeytelser,2013,7,7170,6879,7702,823,25729271,3588.46,7233.85,8879.31,5420,Oslo
Husstander uten trygdeytelser,2013,8,6879,6801,7398,597,24399539,3546.96,7277.4,8964.5,5292,Oslo
Husstander uten trygdeytelser,2013,9,6801,6962,7449,487,24188798,3556.65,7179.54,9001.41,5274,Oslo
Husstander uten trygdeytelser,2013,10,6962,6951,7429,478,24730919,3552.27,7225.87,9035.6,5435,Oslo
Husstander uten trygdeytelser,2013,11,6951,7159,7544,385,24632955,3543.8,7274.66,9058.47,5438,Oslo
Husstander uten trygdeytelser,2013,12,7159,7239,7613,374,25353522,3541.49,7294.67,9093.95,5636,Oslo
Husstander uten trygdeytelser,2014,1,7239,7106,7715,609,25664541,3545.32,7257.03,9123.07,5729,Oslo
Husstander uten trygdeytelser,2014,2,7106,7229,7659,430,25945240,3651.17,7473.65,9160.33,5546,Oslo
Husstander uten trygdeytelser,2014,3,7229,7397,7798,401,26438641,3657.3,7430.11,9187.42,5663,Oslo
Husstander uten trygdeytelser,2014,4,7397,7566,8019,453,27014556,3652.1,7434.8,9220.37,5827,Oslo
Husstander uten trygdeytelser,2014,5,7566,7702,8092,390,27586235,3646.08,7488.61,9240.24,5972,Oslo
Husstander uten trygdeytelser,2014,6,7702,7852,8239,387,28148338,3654.68,7444.71,9267.95,6098,Oslo
Husstander uten trygdeytelser,2014,7,7852,7467,8374,907,28678025,3652.32,7412.16,9282.08,6237,Oslo
Husstander uten trygdeytelser,2014,8,7467,7521,8064,543,27330741,3660.2,7369.53,9346.67,5991,Oslo
Husstander uten trygdeytelser,2014,9,7521,7728,8208,480,27571128,3665.89,7321.76,9364.73,6057,Oslo
Husstander uten trygdeytelser,2014,10,7728,7857,8370,513,28361003,3669.9,7331.17,9417.02,6255,Oslo
Husstander uten trygdeytelser,2014,11,7857,8055,8495,440,28751522,3659.35,7353.85,9431.51,6352,Oslo
Husstander uten trygdeytelser,2014,12,8055,8112,8532,420,29491850,3661.31,7288.07,9455.68,6531,Oslo
Husstander uten trygdeytelser,2015,1,8112,7756,8554,798,29792549,3672.65,7217.73,9502.61,6620,Oslo
Husstander uten trygdeytelser,2015,2,7756,7980,8449,469,28851727,3719.92,7605.1,9525.38,6115,Oslo
Husstander uten trygdeytelser,2015,3,7980,8148,8625,477,29713102,3723.45,7511.08,9539.96,6307,Oslo
Husstander uten trygdeytelser,2015,4,8148,8265,8665,400,30382484,3728.83,7455.61,9561.64,6447,Oslo
Husstander uten trygdeytelser,2015,5,8265,8320,8722,402,30896693,3738.26,7426.7,9589.34,6569,Oslo
Husstander uten trygdeytelser,2015,6,8320,8380,8797,417,31178715,3747.44,7375.58,9595.59,6623,Oslo
Husstander uten trygdeytelser,2015,7,8380,7986,8905,919,31444101,3752.28,7312.42,9610.14,6674,Oslo
Husstander uten trygdeytelser,2015,8,7986,8098,8473,375,30091839,3768.07,7069.62,9671.93,6422,Oslo
Husstander uten trygdeytelser,2015,9,8098,8190,8777,587,30557857,3773.51,7066.83,9695.12,6541,Oslo
Husstander uten trygdeytelser,2015,10,8190,8256,8753,497,30864698,3768.58,7114.5,9734.78,6664,Oslo
Husstander uten trygdeytelser,2015,11,8256,8385,8784,399,31080065,3764.54,7144.1,9738.1,6718,Oslo
Husstander uten trygdeytelser,2015,12,8385,8385,8781,396,31628159,3771.99,7026.68,9749.79,6831,Oslo
Husstander uten trygdeytelser,2016,1,8385,8243,8996,753,31614590,3770.37,7064.14,9775.4,6854,Oslo
Husstander uten trygdeytelser,2016,2,8243,8467,8921,454,32254906,3913.01,7371.02,9778.52,6630,Oslo
Husstander uten trygdeytelser,2016,3,8467,8660,9063,403,33199082,3921.0,7332.88,9807.38,6849,Oslo
Husstander uten trygdeytelser,2016,4,8660,8843,9257,414,34006435,3926.84,7332.44,9837.57,7022,Oslo
Husstander uten trygdeytelser,2016,5,8843,8929,9322,393,34748848,3929.53,7271.81,9868.51,7198,Oslo
Husstander uten trygdeytelser,2016,6,8929,9112,9533,421,35180831,3940.06,7181.77,9909.33,7301,Oslo
Husstander uten trygdeytelser,2016,7,9112,8579,9709,1130,35923130,3942.4,7147.89,9923.64,7444,Oslo
Husstander uten trygdeytelser,2016,8,8579,8761,9215,454,33714815,3929.92,6899.78,9945.75,7036,Oslo
Husstander uten trygdeytelser,2016,9,8761,8929,9479,550,34509613,3939.0,6879.58,9994.88,7199,Oslo
Husstander uten trygdeytelser,2016,10,8929,8983,9468,485,35234448,3946.07,6904.38,10029.09,7377,Oslo
Husstander uten trygdeytelser,2016,11,8983,9128,9503,375,35371022,3937.55,6971.13,10052.1,7443,Oslo
Husstander uten trygdeytelser,2016,12,9128,9263,9660,397,35898778,3932.82,6953.08,10066.78,7574,Oslo
Husstander uten trygdeytelser,2017,1,9263,6456,7760,1304,36488248,3939.14,6881.95,10065.62,7689,Oslo
Husstander uten trygdeytelser,2017,2,6456,6599,8023,1424,26891176,4165.3,3275.35,10051.47,5345,Oslo
Husstander uten trygdeytelser,2017,3,6599,6719,8244,1525,27387018,4150.18,3452.16,10082.45,5454,Oslo
Husstander uten trygdeytelser,2017,4,6719,6798,7875,1077,27744235,4129.22,3550.4,10082.28,5550,Oslo
Husstander uten trygdeytelser,2017,5,6798,6659,7811,1152,28204977,4149.01,3423.29,10133.29,5627,Oslo
Husstander uten trygdeytelser,2017,6,6659,6408,7725,1317,27710626,4161.38,3338.73,10154.62,5515,Oslo
Husstander uten trygdeytelser,2017,7,6408,6893,7871,978,27156460,4237.9,3194.51,10146.47,5256,Oslo
Husstander uten trygdeytelser,2017,8,6893,6975,8000,1025,29263039,4245.33,3233.34,10211.17,5675,Oslo
Husstander uten trygdeytelser,2017,9,6975,6867,8007,1140,29646199,4250.35,3208.79,10261.09,5757,Oslo
Husstander uten trygdeytelser,2017,10,6867,6916,8063,1147,29118332,4240.33,3399.83,10320.78,5711,Oslo
Husstander uten trygdeytelser,2017,11,6916,6905,8073,1168,29154243,4215.48,3640.3,10343.95,5759,Oslo
Husstander uten trygdeytelser,2017,12,6905,6949,8024,1075,29128135,4218.41,3541.25,10338.28,5754,Oslo
Husstander uten trygdeytelser,2018,1,6949,7063,8071,1008,29217456,4204.56,3554.44,10353.89,5792,Oslo
Husstander uten trygdeytelser,2018,2,7063,7120,8132,1012,29928371,4237.35,3269.84,10359.99,5902,Oslo
Husstander uten trygdeytelser,2018,3,7120,7238,8294,1056,29979062,4210.54,3566.94,10386.0,5958,Oslo
Husstander uten trygdeytelser,2018,4,7238,7216,8311,1095,30529875,4218.0,3563.87,10403.67,6066,Oslo
Husstander uten trygdeytelser,2018,5,7216,7128,8281,1153,30456113,4220.64,3463.81,10430.8,6062,Oslo
Husstander uten trygdeytelser,2018,6,7128,6761,8187,1426,30093855,4221.92,3413.25,10427.81,5995,Oslo
Husstander uten trygdeytelser,2018,7,6761,7243,8316,1073,29164214,4313.59,3202.59,10424.08,5618,Oslo
Husstander uten trygdeytelser,2018,8,7243,7184,8368,1184,31284842,4319.32,3285.36,10489.33,6032,Oslo
Husstander uten trygdeytelser,2018,9,7184,7238,8459,1221,31075216,4325.61,3149.08,10506.77,5999,Oslo
Husstander uten trygdeytelser,2018,10,7238,7206,8558,1352,31086830,4294.95,3416.34,10538.73,6067,Oslo
Husstander uten trygdeytelser,2018,11,7206,7147,8371,1224,30815035,4276.3,3624.79,10542.49,6019,Oslo
Husstander uten trygdeytelser,2018,12,7147,7134,8317,1183,30528026,4271.45,3537.32,10521.84,5965,Oslo
Husstander uten trygdeytelser,2019,1,7134,7418,8443,1025,30459725,4269.66,3493.81,10569.72,5989,Oslo
Husstander uten trygdeytelser,2019,2,7418,7122,8407,1285,32417377,4370.1,3483.2,10587.7,6202,Oslo
Husstander uten trygdeytelser,2019,3,7122,7210,8295,1085,31245312,4387.15,3480.32,10670.71,5988,Oslo
Husstander uten trygdeytelser,2019,4,7210,7166,8279,1113,31552717,4376.24,3510.97,10675.07,6060,Oslo
Husstander uten trygdeytelser,2019,5,7166,6998,8245,1247,31349890,4374.81,3462.53,10663.99,6023,Oslo
Husstander uten trygdeytelser,2019,6,6998,6755,8178,1423,30671150,4382.85,3387.59,10658.55,5892,Oslo
Husstander uten trygdeytelser,2019,7,6755,7202,8221,1019,29912125,4428.15,3389.09,10675.98,5566,Oslo
Husstander uten trygdeytelser,2019,8,7202,7143,8228,1085,33678072,4676.21,3485.86,10748.63,5828,Oslo
Husstander uten trygdeytelser,2019,9,7143,7068,8237,1169,33541656,4695.74,3396.45,10790.75,5801,Oslo
Husstander uten trygdeytelser,2019,10,7068,7027,8201,1174,33034966,4673.88,3678.15,10842.14,5748,Oslo
Husstander uten trygdeytelser,2019,11,7027,6949,8114,1165,32613799,4641.21,3810.16,10860.54,5740,Oslo
Husstander uten trygdeytelser,2019,12,6949,6883,7984,1101,32317001,4650.6,3719.11,10831.59,5651,Oslo
Husstander uten trygdeytelser,2020,1,6883,7014,8017,1003,31968322,4644.53,3675.9,10834.76,5582,Oslo
Husstander uten trygdeytelser,2020,2,7014,7038,8119,1081,32578510,4644.78,3688.42,10843.09,5693,Oslo
Husstander uten trygdeytelser,2020,3,7038,7070,8201,1131,32683174,4643.82,3706.16,10877.21,5738,Oslo
Husstander uten trygdeytelser,2020,4,7070,7262,8223,961,32689930,4623.75,3875.4,10873.2,5757,Oslo
Husstander uten trygdeytelser,2020,5,7262,7134,8099,965,38164633,5255.39,3701.58,10915.52,4861,Oslo
Husstander uten trygdeytelser,2020,6,7134,6605,8019,1414,37759046,5292.83,3281.28,10931.49,4816,Oslo
Husstander uten trygdeytelser,2020,7,6605,6965,7898,933,35006634,5300.02,3758.65,10944.98,4249,Oslo
Husstander uten trygdeytelser,2020,8,6965,6929,7970,1041,36968813,5307.8,3818.71,10975.38,4492,Oslo
Husstander uten trygdeytelser,2020,9,6929,6653,7685,1032,36788193,5309.31,3903.94,10987.64,4470,Oslo
Husstander uten trygdeytelser,2020,10,6653,6663,7728,1065,35177854,5287.52,4082.75,11034.27,4331,Oslo
Husstander uten trygdeytelser,2020,11,6663,6501,7721,1220,35097805,5267.57,4149.78,10986.59,4324,Oslo
Husstander uten trygdeytelser,2020,12,6501,6515,7642,1127,30613729,4709.08,3601.18,10997.91,5305,Oslo
Husstander uten trygdeytelser,2021,1,6515,6653,7855,1202,30647445,4704.14,3504.2,10986.13,5313,Oslo
Husstander uten trygdeytelser,2021,2,6653,6661,7579,918,31113391,4676.6,3619.96,11005.49,5427,Oslo
Husstander uten trygdeytelser,2021,3,6661,6412,7354,942,31047702,4661.12,3713.22,11010.93,5433,Oslo
Husstander uten trygdeytelser,2021,4,6412,6262,7190,928,30028510,4683.17,3703.91,11063.49,5257,Oslo
Husstander uten trygdeytelser,2021,5,6262,6000,7053,1053,29323304,4682.74,3573.46,11063.72,5147,Oslo
Husstander uten trygdeytelser,2021,6,6000,5371,6334,963,28274340,4712.39,3380.58,11074.06,4955,Oslo
Husstander uten trygdeytelser,2021,7,5371,5978,7013,1035,26279064,4892.77,3106.83,11089.14,4257,Oslo
Husstander uten trygdeytelser,2021,8,5978,5893,6925,1032,29108755,4869.31,3908.58,11203.62,4782,Oslo
Husstander uten trygdeytelser,2021,9,5893,5763,6947,1184,28864083,4898.03,3809.92,11245.51,4735,Oslo
Husstander uten trygdeytelser,2021,10,5763,5723,6885,1162,28037294,4865.05,4012.56,11255.26,4638,Oslo
Husstander uten trygdeytelser,2021,11,5723,5648,6812,1164,27739617,4847.04,4100.33,11305.91,4622,Oslo
Husstander uten trygdeytelser,2021,12,5648,5812,6939,1127,27368607,4845.72,4211.35,11344.4,4586,Oslo
Husstander uten trygdeytelser,2022,1,5812,6081,7171,1090,27608715,4750.3,5568.12,11431.29,4741,Oslo
Husstander uten trygdeytelser,2022,2,6081,6205,7383,1178,29751259,4892.49,5740.6,11473.74,4888,Oslo
Husstander uten trygdeytelser,2022,3,6205,6170,7441,1271,30096065,4850.29,6224.35,11515.68,4992,Oslo
Husstander uten trygdeytelser,2022,4,6170,6126,7579,1453,29796388,4829.24,6502.41,11558.09,4994,Oslo
Husstander uten trygdeytelser,2022,5,6126,6392,7825,1433,29467121,4810.17,6659.12,11610.94,4997,Oslo
Husstander uten trygdeytelser,2022,6,6392,5133,6375,1242,30820982,4821.81,6518.62,11624.91,5217,Oslo
Husstander uten trygdeytelser,2022,7,5133,6483,7838,1355,25360910,4940.76,5464.61,11568.04,4178,Oslo
Husstander uten trygdeytelser,2022,8,6483,6479,7859,1380,31431478,4848.29,6990.49,11708.73,5273,Oslo
Husstander uten trygdeytelser,2022,9,6479,6340,7932,1592,31764995,4902.76,6685.36,11783.59,5307,Oslo
Husstander uten trygdeytelser,2022,10,6340,6332,7778,1446,30784307,4855.57,7092.18,11808.23,5207,Oslo
Husstander uten trygdeytelser,2022,11,6332,6287,7843,1556,30425300,4805.01,7478.09,11848.32,5237,Oslo
Husstander uten trygdeytelser,2022,12,6287,6142,7930,1788,30068524,4782.65,7678.56,11921.76,5252,Oslo
Husstander uten trygdeytelser,2023,1,6142,6390,7879,1489,29351688,4778.85,7665.62,11953.42,5138,Oslo
Husstander uten trygdeytelser,2023,2,6390,6425,7846,1421,30774391,4816.02,7579.66,12049.47,5386,Oslo
Husstander uten trygdeytelser,2023,3,6425,6474,7777,1303,30860319,4803.16,7861.89,12131.02,5420,Oslo
Husstander uten trygdeytelser,2023,4,6474,6452,7864,1412,31109308,4805.27,7932.0,12190.97,5489,Oslo
Husstander uten trygdeytelser,2023,5,6452,6296,7753,1457,31029201,4809.24,7909.62,12250.51,5489,Oslo
Husstander uten trygdeytelser,2023,6,6296,5201,6743,1542,30244554,4803.77,7936.05,12301.77,5385,Oslo
Husstander uten trygdeytelser,2023,7,5201,6366,7730,1364,25966169,4992.53,7094.34,12337.98,4340,Oslo
Husstander uten trygdeytelser,2023,8,6366,6421,7544,1123,31257495,4910.07,8027.8,12458.04,5318,Oslo
Husstander uten trygdeytelser,2023,9,6421,6281,7626,1345,31752655,4945.13,7713.16,12512.38,5370,Oslo
Husstander uten trygdeytelser,2023,10,6281,6258,7585,1327,30934195,4925.04,8065.22,12622.29,5276,Oslo
Husstander uten trygdeytelser,2023,11,6258,6288,7628,1340,30675858,4901.86,8389.55,12694.44,5266,Oslo
Husstander uten trygdeytelser,2023,12,6288,6269,7622,1353,30770172,4893.48,8404.18,12735.11,5303,Oslo
Husstander uten trygdeytelser,2024,1,6269,6539,7829,1290,30672742,4892.76,8285.02,12796.52,5311,Oslo
Husstander uten trygdeytelser,2024,2,6539,6581,7723,1142,32129631,4913.54,8121.44,12856.08,5540,Oslo
Husstander uten trygdeytelser,2024,3,6581,6679,7803,1124,32326153,4912.04,8133.59,12871.48,5549,Oslo
Husstander uten trygdeytelser,2024,4,6679,6151,7710,1559,32719395,4898.85,8175.72,12968.13,5637,Oslo
Husstander uten trygdeytelser,2024,5,6151,5971,7655,1684,31045500,5047.23,5854.11,12900.78,5168,Oslo
Husstander uten trygdeytelser,2024,6,5971,5618,7657,2039,30393654,5090.21,5452.78,12971.18,5031,Oslo
Husstander uten trygdeytelser,2024,7,5618,6296,7909,1613,29728155,5291.59,5696.3,13053.92,4647,Oslo
Husstander uten trygdeytelser,2024,8,6296,6254,7450,1196,34115476,5418.6,6507.76,13206.69,5042,Oslo
Husstander uten trygdeytelser,2024,9,6254,6232,7667,1435,34120170,5455.74,6303.44,13261.61,5054,Oslo
Husstander uten trygdeytelser,2024,10,6232,6141,7676,1535,34085962,5469.51,6684.61,13692.99,5200,Oslo
Husstander uten trygdeytelser,2024,11,6141,6095,7320,1225,33340007,5429.08,6930.23,13813.86,5144,Oslo
Husstander uten trygdeytelser,2024,12,6095,5951,7097,1146,33212495,5449.14,6805.9,13888.89,5138,Oslo
Husstander uten trygdeytelser,2025,1,5951,6114,7211,1097,32446195,5452.23,6735.73,13928.81,5013,Oslo
Husstander uten trygdeytelser,2025,2,6114,6109,7160,1051,33421034,5466.31,6498.49,13949.22,5174,Oslo
Husstander uten trygdeytelser,2025,3,6109,6201,7184,983,33304576,5451.72,6669.64,14053.89,5184,Oslo
Husstander uten trygdeytelser,2025,4,6201,6135,7220,1085,33775902,5446.85,6822.11,14141.92,5286,Oslo
Husstander uten trygdeytelser,2025,5,6135,5935,7166,1231,33293635,5426.84,6842.85,14191.72,5251,Oslo
Husstander uten trygdeytelser,2025,6,5935,5573,7150,1577,32244072,5432.87,6468.94,14150.85,5061,Oslo
Husstander uten trygdeytelser,2025,7,5573,6039,7239,1200,31805122,5707.0,6222.22,14150.48,4570,Oslo
Husstander uten trygdeytelser,2025,8,6039,6131,7218,1087,34573198,5724.99,6436.89,14299.5,5008,Oslo
Husstander uten trygdeytelser,2025,9,6131,5981,7249,1268,35384703,5771.44,6196.46,14413.59,5117,Oslo
Husstander uten trygdeytelser,2025,10,5981,5902,7178,1276,34166568,5712.52,6605.07,14471.59,5022,Oslo
Husstander uten trygdeytelser,2025,11,5902,5903,7167,1264,33838584,5733.41,6600.36,14528.43,4966,Oslo
Husstander uten trygdeytelser,2025,12,5903,5875,7056,1181,33657910,5701.83,6712.39,14558.55,4963,Oslo
Husstander uten trygdeytelser,2026,1,5875,6028,7134,1106,33515173,5704.71,6804.93,14646.94,4959,Oslo
Husstander uten trygdeytelser,2026,2,6028,6085,7125,1040,34571785,5735.2,6512.5,14726.67,5108,Oslo
Husstander uten trygdeytelser,2026,3,6085,6140,7153,1013,34908921,5736.88,6615.09,14802.03,5161,Oslo
Husstander uten trygdeytelser,2026,4,6140,6140,7196,1056,35107025,5717.76,6705.36,14818.61,5212,Oslo
Husstander uten trygdeytelser,2026,5,6140,6035,7286,1251,34923537,5687.87,6780.72,14862.65,5227,Oslo
Husstander uten trygdeytelser,2026,6,6035,5602,7269,1667,34403251,5700.62,6507.62,14835.51,5146,Oslo
Husstander uten trygdeytelser,2026,7,5602,0,0,0,33154499,5918.33,6493.61,14854.36,4604,Oslo
Uføre forøvrig,2010,1,0,2270,2270,0,0,,,,0,Oslo
Uføre forøvrig,2010,2,2270,2348,2348,0,6541639,2881.78,11581.29,6761.22,1084,Oslo
Uføre forøvrig,2010,3,2348,2411,2411,0,6747522,2873.73,11566.23,6788.82,1133,Oslo
Uføre forøvrig,2010,4,2411,2475,2475,0,6925037,2872.27,11559.12,6823.2,1179,Oslo
Uføre forøvrig,2010,5,2475,2488,2541,53,7111330,2873.26,11553.72,6845.22,1224,Oslo
Uføre forøvrig,2010,6,2488,2508,2565,57,7162704,2878.9,11555.62,6879.54,1243,Oslo
Uføre forøvrig,2010,7,2508,2351,2561,210,7216738,2877.49,11533.38,6895.83,1256,Oslo
Uføre forøvrig,2010,8,2351,2365,2428,63,6645462,2826.65,12383.49,6897.13,1181,Oslo
Uføre forøvrig,2010,9,2365,2398,2446,48,6705013,2835.1,12356.97,6932.95,1205,Oslo
Uføre forøvrig,2010,10,2398,2425,2514,89,6821047,2844.47,12315.06,6958.36,1232,Oslo
Uføre forøvrig,2010,11,2425,2459,2509,50,6845235,2822.78,12341.09,6959.65,1249,Oslo
Uføre forøvrig,2010,12,2459,2502,2551,49,6963563,2831.87,12324.07,6991.51,1284,Oslo
Uføre forøvrig,2011,1,2502,2519,2624,105,7084051,2831.36,12284.75,7016.82,1322,Oslo
Uføre forøvrig,2011,2,2519,2573,2657,84,7112616,2823.59,12322.93,7058.92,1355,Oslo
Uføre forøvrig,2011,3,2573,2605,2670,65,7266577,2824.17,12346.36,7104.99,1418,Oslo
Uføre forøvrig,2011,4,2605,2625,2694,69,7348239,2820.82,12338.03,7114.13,1446,Oslo
Uføre forøvrig,2011,5,2625,2658,2710,52,7409387,2822.62,12342.67,7141.76,1473,Oslo
Uføre forøvrig,2011,6,2658,2678,2731,53,7493073,2819.06,12338.75,7157.88,1497,Oslo
Uføre forøvrig,2011,7,2678,2520,2757,237,7533785,2813.21,12341.27,7175.42,1511,Oslo
Uføre forøvrig,2011,8,2520,2542,2612,70,7000045,2777.8,13030.11,7255.01,1388,Oslo
Uføre forøvrig,2011,9,2542,2591,2652,61,7070153,2781.33,13046.11,7289.77,1419,Oslo
Uføre forøvrig,2011,10,2591,2580,2666,86,7229630,2790.29,13032.49,7330.78,1463,Oslo
Uføre forøvrig,2011,11,2580,2615,2674,59,7182913,2784.07,13107.66,7349.48,1475,Oslo
Uføre forøvrig,2011,12,2615,2662,2736,74,7322216,2800.08,13099.77,7392.08,1508,Oslo
Uføre forøvrig,2012,1,2662,2664,2755,91,7481249,2810.39,13099.57,7437.69,1554,Oslo
Uføre forøvrig,2012,2,2664,2706,2766,60,7479477,2807.61,13116.27,7457.45,1565,Oslo
Uføre forøvrig,2012,3,2706,2755,2818,63,7618915,2815.56,13087.48,7486.58,1604,Oslo
Uføre forøvrig,2012,4,2755,2796,2838,42,7777846,2823.17,13022.33,7531.27,1652,Oslo
Uføre forøvrig,2012,5,2796,2787,2866,79,7935069,2838.01,12970.41,7580.56,1699,Oslo
Uføre forøvrig,2012,6,2787,2803,2856,53,7934289,2846.89,12978.72,7598.97,1706,Oslo
Uføre forøvrig,2012,7,2803,2411,2672,261,7986810,2849.38,12969.62,7630.05,1729,Oslo
Uføre forøvrig,2012,8,2411,2449,2500,51,6687322,2773.67,13398.14,7663.94,1514,Oslo
Uføre forøvrig,2012,9,2449,2459,2531,72,6816764,2783.49,13381.2,7698.58,1558,Oslo
Uføre forøvrig,2012,10,2459,2493,2554,61,6845306,2783.78,13403.51,7744.63,1580,Oslo
Uføre forøvrig,2012,11,2493,2495,2549,54,6942235,2784.69,13419.2,7769.59,1603,Oslo
Uføre forøvrig,2012,12,2495,2514,2563,49,6997126,2804.46,13360.16,7808.34,1622,Oslo
Uføre forøvrig,2013,1,2514,2473,2558,85,7071305,2812.77,13322.33,7846.35,1655,Oslo
Uføre forøvrig,2013,2,2473,2409,2523,114,6967011,2817.23,13318.61,7880.62,1640,Oslo
Uføre forøvrig,2013,3,2409,2441,2508,67,6800988,2823.16,13306.49,7893.35,1609,Oslo
Uføre forøvrig,2013,4,2441,2492,2537,45,6904318,2828.48,13272.28,7925.77,1643,Oslo
Uføre forøvrig,2013,5,2492,2520,2560,40,7056250,2831.56,13263.05,7945.77,1683,Oslo
Uføre forøvrig,2013,6,2520,2531,2587,56,7143651,2834.78,13256.16,7975.96,1718,Oslo
Uføre forøvrig,2013,7,2531,2327,2571,244,7185654,2839.06,13263.2,8011.73,1742,Oslo
Uføre forøvrig,2013,8,2327,2300,2386,86,6368187,2736.65,13764.95,8099.26,1653,Oslo
Uføre forøvrig,2013,9,2300,2323,2375,52,6275209,2728.35,13821.82,8127.93,1648,Oslo
Uføre forøvrig,2013,10,2323,2329,2389,60,6353305,2734.96,13824.32,8158.46,1676,Oslo
Uføre forøvrig,2013,11,2329,2355,2404,49,6363397,2732.24,13845.92,8170.54,1685,Oslo
Uføre forøvrig,2013,12,2355,2381,2450,69,6460785,2743.43,13831.37,8212.86,1720,Oslo
Uføre forøvrig,2014,1,2381,2395,2520,125,6539258,2746.43,13828.84,8249.18,1756,Oslo
Uføre forøvrig,2014,2,2395,2476,2541,65,6716169,2804.25,13867.15,8263.35,1733,Oslo
Uføre forøvrig,2014,3,2476,2543,2609,66,6946600,2805.57,13888.31,8305.48,1807,Oslo
Uføre forøvrig,2014,4,2543,2582,2659,77,7147808,2810.78,13867.1,8362.16,1872,Oslo
Uføre forøvrig,2014,5,2582,2615,2676,61,7268257,2814.97,13833.86,8394.97,1908,Oslo
Uføre forøvrig,2014,6,2615,2640,2723,83,7373000,2819.5,13837.95,8429.13,1940,Oslo
Uføre forøvrig,2014,7,2640,2488,2709,221,7445887,2820.41,13812.39,8460.2,1966,Oslo
Uføre forøvrig,2014,8,2488,2477,2569,92,6661716,2677.54,14150.69,8518.47,1885,Oslo
Uføre forøvrig,2014,9,2477,2518,2599,81,6644298,2682.4,14128.75,8536.92,1888,Oslo
Uføre forøvrig,2014,10,2518,2533,2621,88,6747452,2679.69,14136.62,8570.43,1930,Oslo
Uføre forøvrig,2014,11,2533,2553,2618,65,6790494,2680.81,14156.33,8616.69,1949,Oslo
Uføre forøvrig,2014,12,2553,2561,2610,49,6852688,2684.17,14153.52,8652.72,1967,Oslo
Uføre forøvrig,2015,1,2561,2457,2632,175,6888748,2689.87,14156.03,8707.68,1983,Oslo
Uføre forøvrig,2015,2,2457,2501,2562,61,6690101,2722.87,14139.56,8760.76,1876,Oslo
Uføre forøvrig,2015,3,2501,2525,2590,65,6816547,2725.53,14143.35,8793.01,1922,Oslo
Uføre forøvrig,2015,4,2525,2526,2602,76,6911821,2737.35,14127.12,8822.82,1945,Oslo
Uføre forøvrig,2015,5,2526,2577,2628,51,6905466,2733.76,14138.73,8852.61,1952,Oslo
Uføre forøvrig,2015,6,2577,2576,2648,72,7054624,2737.53,14148.84,8907.38,2004,Oslo
Uføre forøvrig,2015,7,2576,2393,2641,248,7044799,2734.78,14167.95,8933.09,2007,Oslo
Uføre forøvrig,2015,8,2393,2384,2440,56,6308239,2636.12,14397.89,8999.34,1896,Oslo
Uføre forøvrig,2015,9,2384,2354,2462,108,6310053,2646.83,14376.47,9027.23,1893,Oslo
Uføre forøvrig,2015,10,2354,2376,2447,71,6200960,2634.22,14393.12,9038.59,1877,Oslo
Uføre forøvrig,2015,11,2376,2394,2464,70,6287824,2646.39,14367.06,9068.33,1901,Oslo
Uføre forøvrig,2015,12,2394,2404,2460,56,6327361,2643.01,14364.42,9064.47,1918,Oslo
Uføre forøvrig,2016,1,2404,2351,2487,136,6375190,2651.91,14352.67,9102.72,1935,Oslo
Uføre forøvrig,2016,2,2351,2400,2463,63,6300319,2679.85,14393.53,9083.62,1874,Oslo
Uføre forøvrig,2016,3,2400,2440,2506,66,6468172,2695.07,14397.57,9132.96,1920,Oslo
Uføre forøvrig,2016,4,2440,2453,2522,69,6609538,2708.83,14344.54,9168.37,1958,Oslo
Uføre forøvrig,2016,5,2453,2454,2510,56,6653887,2712.55,14344.75,9170.88,1968,Oslo
Uføre forøvrig,2016,6,2454,2461,2519,58,6683470,2723.5,14349.67,9257.92,1992,Oslo
Uføre forøvrig,2016,7,2461,2219,2521,302,6699271,2722.17,14306.69,9279.9,2009,Oslo
Uføre forøvrig,2016,8,2219,2259,2350,91,5843304,2633.31,14566.28,9338.75,1834,Oslo
Uføre forøvrig,2016,9,2259,2233,2340,107,5961929,2639.19,14595.68,9382.37,1874,Oslo
Uføre forøvrig,2016,10,2233,2249,2340,91,5840785,2615.67,14735.97,9446.69,1858,Oslo
Uføre forøvrig,2016,11,2249,2268,2328,60,5901014,2623.84,14730.04,9477.68,1875,Oslo
Uføre forøvrig,2016,12,2268,2282,2355,73,5959378,2627.59,14681.71,9490.72,1896,Oslo
Uføre forøvrig,2017,1,2282,1989,2449,460,6026581,2640.92,14648.22,9520.36,1912,Oslo
Uføre forøvrig,2017,2,1989,2019,2525,506,5394198,2712.02,15051.87,9549.34,1672,Oslo
Uføre forøvrig,2017,3,2019,2022,2612,590,5491313,2719.82,15063.04,9591.16,1702,Oslo
Uføre forøvrig,2017,4,2022,2042,2318,276,5509041,2724.55,15076.5,9643.12,1709,Oslo
Uføre forøvrig,2017,5,2042,2009,2295,286,5557070,2721.39,15110.47,9668.73,1726,Oslo
Uføre forøvrig,2017,6,2009,2059,2282,223,5466345,2720.93,15136.02,9684.51,1702,Oslo
Uføre forøvrig,2017,7,2059,2066,2291,225,5612016,2725.6,15634.32,9716.58,1736,Oslo
Uføre forøvrig,2017,8,2066,2068,2304,236,5671696,2745.25,15594.14,9782.19,1753,Oslo
Uføre forøvrig,2017,9,2068,2089,2320,231,5728187,2769.92,15601.64,9846.5,1770,Oslo
Uføre forøvrig,2017,10,2089,2088,2338,250,5717369,2736.89,15676.92,9861.03,1792,Oslo
Uføre forøvrig,2017,11,2088,2129,2337,208,5703239,2731.44,15669.29,9915.87,1803,Oslo
Uføre forøvrig,2017,12,2129,2158,2376,218,5766110,2708.37,15754.82,9941.22,1842,Oslo
Uføre forøvrig,2018,1,2158,2166,2445,279,5793187,2684.52,15814.06,9972.26,1878,Oslo
Uføre forøvrig,2018,2,2166,2222,2494,272,5634674,2601.42,15956.58,9977.42,1892,Oslo
Uføre forøvrig,2018,3,2222,2276,2538,262,5889189,2650.4,15886.23,10016.25,1941,Oslo
Uføre forøvrig,2018,4,2276,2287,2563,276,5979201,2627.07,15921.16,10029.99,1989,Oslo
Uføre forøvrig,2018,5,2287,2341,2617,276,5969138,2610.03,15900.86,10063.66,2008,Oslo
Uføre forøvrig,2018,6,2341,1995,2647,652,6078840,2596.69,15941.97,10096.46,2057,Oslo
Uføre forøvrig,2018,7,1995,2021,2649,628,5264715,2638.95,16410.02,10203.24,1728,Oslo
Uføre forøvrig,2018,8,2021,2066,2620,554,5597033,2769.44,16088.31,10170.56,1739,Oslo
Uføre forøvrig,2018,9,2066,2046,2369,323,5763752,2789.81,16114.43,10227.15,1786,Oslo
Uføre forøvrig,2018,10,2046,2049,2493,444,5697191,2784.55,16087.86,10245.84,1770,Oslo
Uføre forøvrig,2018,11,2049,2097,2507,410,5740549,2801.63,16034.57,10270.59,1778,Oslo
Uføre forøvrig,2018,12,2097,2089,2521,432,5828558,2779.47,16118.81,10308.76,1822,Oslo
Uføre forøvrig,2019,1,2089,2096,2532,436,5839856,2795.53,16031.78,10308.45,1813,Oslo
Uføre forøvrig,2019,2,2096,2118,2524,406,5869537,2800.35,16202.16,10432.04,1832,Oslo
Uføre forøvrig,2019,3,2118,2139,2525,386,6019125,2841.89,16067.54,10426.13,1843,Oslo
Uføre forøvrig,2019,4,2139,2107,2515,408,6074553,2839.9,16139.01,10471.81,1860,Oslo
Uføre forøvrig,2019,5,2107,2119,2515,396,6015235,2854.88,16040.27,10498.44,1847,Oslo
Uføre forøvrig,2019,6,2119,2003,2530,527,6056553,2858.21,16068.19,10485.47,1853,Oslo
Uføre forøvrig,2019,7,2003,2121,2512,391,5391748,2691.84,16892.65,10515.9,1720,Oslo
Uføre forøvrig,2019,8,2121,2135,2515,380,6301806,2971.15,16624.01,10549.62,1799,Oslo
Uføre forøvrig,2019,9,2135,2131,2499,368,6295632,2948.77,16699.83,10573.99,1807,Oslo
Uføre forøvrig,2019,10,2131,2155,2532,377,6234301,2925.53,16685.95,10564.14,1806,Oslo
Uføre forøvrig,2019,11,2155,2152,2564,412,6278269,2913.35,16797.43,10599.37,1834,Oslo
Uføre forøvrig,2019,12,2152,2150,2562,412,6268401,2912.83,16782.0,10603.17,1833,Oslo
Uføre forøvrig,2020,1,2150,2168,2586,418,6248810,2906.42,16786.95,10619.15,1832,Oslo
Uføre forøvrig,2020,2,2168,2208,2605,397,6235266,2876.05,16885.83,10714.88,1862,Oslo
Uføre forøvrig,2020,3,2208,2222,2682,460,6456272,2924.04,16841.1,10750.78,1890,Oslo
Uføre forøvrig,2020,4,2222,2461,2716,255,6520392,2934.47,16795.76,10770.45,1904,Oslo
Uføre forøvrig,2020,5,2461,2551,2846,295,9113611,3703.21,17273.47,10826.38,1756,Oslo
Uføre forøvrig,2020,6,2551,2583,2923,340,9322123,3654.3,17420.64,10859.17,1838,Oslo
Uføre forøvrig,2020,7,2583,2680,2986,306,9597059,3715.47,17624.58,10881.27,1810,Oslo
Uføre forøvrig,2020,8,2680,2717,2995,278,9888245,3689.64,17655.32,10899.88,1894,Oslo
Uføre forøvrig,2020,9,2717,2797,3018,221,9909107,3647.08,17769.98,10914.3,1930,Oslo
Uføre forøvrig,2020,10,2797,2851,3131,280,10108132,3613.92,17883.25,10925.76,1998,Oslo
Uføre forøvrig,2020,11,2851,2334,3167,833,10041304,3522.03,18045.83,10903.35,2035,Oslo
Uføre forøvrig,2020,12,2334,2375,3214,839,6913828,2962.22,17215.67,10990.52,2023,Oslo
Uføre forøvrig,2021,1,2375,2792,3294,502,6999049,2946.97,17278.46,11036.2,2072,Oslo
Uføre forøvrig,2021,2,2792,2811,3144,333,6995972,2505.72,17925.99,11000.05,2480,Oslo
Uføre forøvrig,2021,3,2811,2813,3203,390,7132928,2537.51,17868.59,11030.01,2494,Oslo
Uføre forøvrig,2021,4,2813,2852,3213,361,7079174,2516.59,17896.83,11045.75,2505,Oslo
Uføre forøvrig,2021,5,2852,2829,3193,364,7103608,2490.75,17952.58,11064.71,2539,Oslo
Uføre forøvrig,2021,6,2829,2093,3164,1071,7029962,2484.96,17948.98,11079.66,2526,Oslo
Uføre forøvrig,2021,7,2093,2301,3144,843,5563939,2658.36,18587.15,11109.02,1768,Oslo
Uføre forøvrig,2021,8,2301,2266,3111,845,6518858,2833.05,18256.14,11142.32,1940,Oslo
Uføre forøvrig,2021,9,2266,2277,2648,371,6387132,2818.68,18234.31,11147.14,1901,Oslo
Uføre forøvrig,2021,10,2277,2271,2757,486,6409857,2815.04,18184.59,11149.45,1921,Oslo
Uføre forøvrig,2021,11,2271,2270,2797,527,6401908,2818.98,18168.5,11167.75,1918,Oslo
Uføre forøvrig,2021,12,2270,2807,3199,392,6400965,2819.81,18205.06,11188.65,1919,Oslo
Uføre forøvrig,2022,1,2807,3042,3523,481,8692123,3096.59,19200.56,11167.12,2389,Oslo
Uføre forøvrig,2022,2,3042,3196,3680,484,9512483,3127.05,19698.27,11212.59,2553,Oslo
Uføre forøvrig,2022,3,3196,3249,3818,569,9892702,3095.34,19791.12,11227.64,2698,Oslo
Uføre forøvrig,2022,4,3249,3315,3924,609,9932006,3056.94,19978.17,11296.36,2771,Oslo
Uføre forøvrig,2022,5,3315,3369,3774,405,10123569,3053.87,20022.19,11367.81,2839,Oslo
Uføre forøvrig,2022,6,3369,3213,3809,596,10226602,3035.5,20025.11,11371.03,2892,Oslo
Uføre forøvrig,2022,7,3213,3365,3762,397,8758181,2725.86,21667.78,11380.62,2739,Oslo
Uføre forøvrig,2022,8,3365,3392,3807,415,9769909,2903.39,21095.61,11415.14,2872,Oslo
Uføre forøvrig,2022,9,3392,3433,3861,428,9838668,2900.55,21064.55,11436.91,2909,Oslo
Uføre forøvrig,2022,10,3433,3463,3907,444,9952321,2899.02,21099.56,11469.21,2950,Oslo
Uføre forøvrig,2022,11,3463,3599,4110,511,10011270,2890.92,21084.58,11491.21,2982,Oslo
Uføre forøvrig,2022,12,3599,3663,4265,602,10260697,2850.99,21262.89,11594.87,3121,Oslo
Uføre forøvrig,2023,1,3663,3724,4392,668,10298913,2811.61,21365.77,11628.55,3186,Oslo
Uføre forøvrig,2023,2,3724,3888,4490,602,10355118,2780.64,21471.24,11699.03,3258,Oslo
Uføre forøvrig,2023,3,3888,3968,4513,545,10862242,2793.79,21641.92,11788.08,3411,Oslo
Uføre forøvrig,2023,4,3968,4000,4530,530,11010144,2774.73,21633.26,11801.16,3485,Oslo
Uføre forøvrig,2023,5,4000,3927,4513,586,11061278,2765.32,21688.47,11843.25,3533,Oslo
Uføre forøvrig,2023,6,3927,3914,4510,596,10868489,2767.63,21580.28,11855.66,3479,Oslo
Uføre forøvrig,2023,7,3914,3881,4484,603,10791544,2757.17,22793.96,11942.53,3377,Oslo
Uføre forøvrig,2023,8,3881,3938,4386,448,10536285,2714.84,22916.56,11918.92,3350,Oslo
Uføre forøvrig,2023,9,3938,3926,4367,441,10753245,2730.64,22992.32,12015.7,3402,Oslo
Uføre forøvrig,2023,10,3926,3910,4383,473,10695837,2724.36,22931.73,12035.9,3398,Oslo
Uføre forøvrig,2023,11,3910,4034,4453,419,10601301,2711.33,22932.41,12076.21,3386,Oslo
Uføre forøvrig,2023,12,4034,4070,4472,402,10966874,2718.61,23026.82,12143.21,3511,Oslo
Uføre forøvrig,2024,1,4070,4075,4500,425,11017438,2706.99,23067.97,12196.28,3552,Oslo
Uføre forøvrig,2024,2,4075,4114,4485,371,11011827,2702.29,23153.6,12257.25,3569,Oslo
Uføre forøvrig,2024,3,4114,4091,4477,386,11167200,2714.44,23171.32,12327.94,3614,Oslo
Uføre forøvrig,2024,4,4091,2425,4465,2040,11118990,2717.91,23152.54,12380.61,3601,Oslo
Uføre forøvrig,2024,5,2425,2449,4461,2012,7060239,2911.44,20890.46,12535.98,2122,Oslo
Uføre forøvrig,2024,6,2449,2470,4558,2088,7141543,2916.11,21009.98,12636.53,2153,Oslo
Uføre forøvrig,2024,7,2470,3499,4592,1093,7405161,2998.04,21930.16,12754.25,2130,Oslo
Uføre forøvrig,2024,8,3499,3486,3892,406,8526154,2436.74,23583.61,12727.94,3045,Oslo
Uføre forøvrig,2024,9,3486,3471,4027,556,8461317,2427.23,23574.95,12784.02,3051,Oslo
Uføre forøvrig,2024,10,3471,3530,4173,643,8477633,2442.42,23526.49,12824.34,3040,Oslo
Uføre forøvrig,2024,11,3530,3594,4094,500,8802581,2493.65,23482.49,12929.93,3103,Oslo
Uføre forøvrig,2024,12,3594,3597,4046,449,8906998,2478.3,23529.96,12992.8,3161,Oslo
Uføre forøvrig,2025,1,3597,3657,4076,419,8908889,2476.76,23521.5,13041.93,3171,Oslo
Uføre forøvrig,2025,2,3657,3673,4060,387,8979575,2455.45,23629.59,13163.54,3235,Oslo
Uføre forøvrig,2025,3,3673,3675,4073,398,8989028,2447.33,23636.55,13222.97,3266,Oslo
Uføre forøvrig,2025,4,3675,3663,4052,389,9001233,2449.32,23698.81,13310.63,3278,Oslo
Uføre forøvrig,2025,5,3663,3614,4029,415,9015438,2461.22,23632.79,13356.0,3277,Oslo
Uføre forøvrig,2025,6,3614,2580,4027,1447,8949045,2476.22,23615.71,13407.21,3239,Oslo
Uføre forøvrig,2025,7,2580,2585,4013,1428,8516327,3300.9,23660.73,13662.34,2153,Oslo
Uføre forøvrig,2025,8,2585,2597,3973,1376,8549733,3307.44,23676.04,13763.89,2170,Oslo
Uføre forøvrig,2025,9,2597,2604,3070,466,8621808,3319.91,23644.53,13821.2,2179,Oslo
Uføre forøvrig,2025,10,2604,2582,3085,503,8737617,3355.46,23600.92,13911.83,2199,Oslo
Uføre forøvrig,2025,11,2582,2621,3160,539,8606813,3333.39,23568.32,13938.32,2189,Oslo
Uføre forøvrig,2025,12,2621,2634,3096,462,8722485,3327.92,23637.84,14008.49,2232,Oslo
Uføre forøvrig,2026,1,2634,2619,3086,467,8798642,3340.41,23573.61,14067.94,2248,Oslo
Uføre forøvrig,2026,2,2619,2629,3092,463,8767869,3347.79,23561.72,14130.47,2240,Oslo
Uføre forøvrig,2026,3,2629,2654,3169,515,8769681,3335.75,23637.32,14179.17,2250,Oslo
Uføre forøvrig,2026,4,2654,2668,3172,504,8804645,3317.5,23654.98,14230.03,2279,Oslo
Uføre forøvrig,2026,5,2668,2659,3380,721,8908692,3339.09,23620.07,14296.24,2300,Oslo
Uføre forøvrig,2026,6,2659,2580,3441,861,8864978,3333.95,23776.68,14432.53,2304,Oslo
Uføre forøvrig,2026,7,2580,0,0,0,8640927,3349.2,24687.13,14550.44,2198,Oslo
Unge uføre,2010,1,0,1404,1404,0,0,,,,0,Oslo
Unge uføre,2010,2,1404,1436,1436,0,3538368,2520.21,15599.48,6872.3,683,Oslo
Unge uføre,2010,3,1436,1457,1457,0,3628649,2526.91,15576.54,6897.21,709,Oslo
Unge uføre,2010,4,1457,1473,1473,0,3684955,2529.14,15568.24,6913.54,728,Oslo
Unge uføre,2010,5,1473,1484,1500,16,3732796,2534.15,15567.57,6929.53,739,Oslo
Unge uføre,2010,6,1484,1484,1493,9,3757863,2532.25,15542.17,6939.52,747,Oslo
Unge uføre,2010,7,1484,1441,1505,64,3760889,2534.29,15553.19,6954.76,750,Oslo
Unge uføre,2010,8,1441,1442,1463,21,3626646,2516.76,16250.75,6966.72,739,Oslo
Unge uføre,2010,9,1442,1446,1468,22,3622403,2512.07,16255.08,6975.19,739,Oslo
Unge uføre,2010,10,1446,1444,1461,17,3629208,2509.83,16236.75,6991.83,754,Oslo
Unge uføre,2010,11,1444,1458,1477,19,3601584,2494.17,16320.66,7008.63,760,Oslo
Unge uføre,2010,12,1458,1456,1478,22,3643632,2499.06,16303.3,7028.4,775,Oslo
Unge uføre,2011,1,1456,1452,1482,30,3639939,2499.96,16297.81,7039.34,782,Oslo
Unge uføre,2011,2,1452,1454,1468,14,3624148,2495.97,16305.06,7042.44,778,Oslo
Unge uføre,2011,3,1454,1460,1478,18,3636927,2501.33,16299.7,7054.39,790,Oslo
Unge uføre,2011,4,1460,1460,1477,17,3645538,2496.94,16302.72,7055.3,796,Oslo
Unge uføre,2011,5,1460,1463,1476,13,3644070,2495.94,16298.27,7061.66,797,Oslo
Unge uføre,2011,6,1463,1461,1472,11,3656464,2499.29,16296.92,7058.6,799,Oslo
Unge uføre,2011,7,1461,1417,1494,77,3647119,2496.32,16288.07,7061.83,801,Oslo
Unge uføre,2011,8,1417,1418,1445,27,3485692,2459.91,16849.98,7122.24,747,Oslo
Unge uføre,2011,9,1418,1425,1440,15,3479455,2453.78,16868.34,7136.24,754,Oslo
Unge uføre,2011,10,1425,1415,1439,24,3501085,2456.9,16878.45,7157.16,764,Oslo
Unge uføre,2011,11,1415,1426,1444,18,3468590,2451.3,16917.36,7162.75,762,Oslo
Unge uføre,2011,12,1426,1443,1453,10,3499238,2453.88,16884.55,7178.26,773,Oslo
Unge uføre,2012,1,1443,1439,1466,27,3542766,2455.14,16865.54,7186.58,781,Oslo
Unge uføre,2012,2,1439,1443,1460,17,3537172,2458.08,16864.02,7217.02,786,Oslo
Unge uføre,2012,3,1443,1442,1461,19,3540528,2453.59,16862.36,7221.05,790,Oslo
Unge uføre,2012,4,1442,1450,1464,14,3536230,2452.31,16848.88,7223.24,789,Oslo
Unge uføre,2012,5,1450,1460,1476,16,3553614,2450.77,16824.93,7237.68,794,Oslo
Unge uføre,2012,6,1460,1457,1476,19,3579775,2451.9,16809.81,7244.76,807,Oslo
Unge uføre,2012,7,1457,1536,1669,133,3569171,2449.67,16814.33,7250.82,812,Oslo
Unge uføre,2012,8,1536,1555,1571,16,3739530,2434.59,17395.91,13360.33,897,Oslo
Unge uføre,2012,9,1555,1557,1580,23,3800337,2443.95,17373.31,13317.5,918,Oslo
Unge uføre,2012,10,1557,1561,1587,26,3806994,2445.08,17377.12,13332.97,927,Oslo
Unge uføre,2012,11,1561,1583,1607,24,3793943,2430.46,17397.96,13390.09,930,Oslo
Unge uføre,2012,12,1583,1594,1610,16,3865265,2441.73,17365.71,7491.59,964,Oslo
Unge uføre,2013,1,1594,1579,1613,34,3892997,2442.28,17347.15,7498.28,972,Oslo
Unge uføre,2013,2,1579,1550,1638,88,3882060,2458.56,17344.43,7513.96,973,Oslo
Unge uføre,2013,3,1550,1563,1584,21,3833864,2473.46,17291.53,7559.05,977,Oslo
Unge uføre,2013,4,1563,1585,1602,17,3856100,2467.11,17240.32,7571.83,986,Oslo
Unge uføre,2013,5,1585,1590,1612,22,3904214,2463.23,17221.6,7553.84,1001,Oslo
Unge uføre,2013,6,1590,1603,1617,14,3923681,2467.72,17211.24,7592.17,1009,Oslo
Unge uføre,2013,7,1603,1507,1625,118,3937973,2456.63,17211.84,7604.4,1021,Oslo
Unge uføre,2013,8,1507,1500,1533,33,3608031,2394.18,17971.25,7662.57,981,Oslo
Unge uføre,2013,9,1500,1502,1527,25,3561828,2374.55,18047.19,7658.12,978,Oslo
Unge uføre,2013,10,1502,1480,1544,64,3565393,2373.76,18085.3,7689.03,986,Oslo
Unge uføre,2013,11,1480,1484,1502,18,3529886,2385.06,17759.4,7727.3,983,Oslo
Unge uføre,2013,12,1484,1496,1520,24,3544224,2388.29,17754.56,7738.33,995,Oslo
Unge uføre,2014,1,1496,1514,1545,31,3586332,2397.28,17673.36,7755.94,1004,Oslo
Unge uføre,2014,2,1514,1546,1577,31,3692296,2438.77,17630.44,7810.01,1001,Oslo
Unge uføre,2014,3,1546,1562,1575,13,3768167,2437.37,17591.43,7833.57,1034,Oslo
Unge uføre,2014,4,1562,1578,1596,18,3813263,2441.27,17585.38,7854.22,1050,Oslo
Unge uføre,2014,5,1578,1586,1612,26,3848390,2438.78,17576.9,7895.62,1068,Oslo
Unge uføre,2014,6,1586,1581,1612,31,3876663,2444.3,17563.96,7926.3,1079,Oslo
Unge uføre,2014,7,1581,1438,1606,168,3876264,2451.78,17535.57,7943.82,1082,Oslo
Unge uføre,2014,8,1438,1442,1482,40,3256636,2264.7,18146.02,8017.57,1012,Oslo
Unge uføre,2014,9,1442,1459,1482,23,3254778,2257.13,18209.36,8077.23,1029,Oslo
Unge uføre,2014,10,1459,1466,1491,25,3302049,2263.23,18199.72,8091.35,1043,Oslo
Unge uføre,2014,11,1466,1483,1505,22,3308250,2256.65,18213.03,8135.63,1057,Oslo
Unge uføre,2014,12,1483,1491,1516,25,3346942,2256.87,18164.55,8153.3,1075,Oslo
Unge uføre,2015,1,1491,1413,1522,109,3378515,2265.94,18098.6,8159.59,1081,Oslo
Unge uføre,2015,2,1413,1427,1459,32,3225341,2282.62,17937.85,8197.84,990,Oslo
Unge uføre,2015,3,1427,1425,1447,22,3261159,2285.33,17936.24,8229.22,1007,Oslo
Unge uføre,2015,4,1425,1436,1457,21,3251878,2282.02,17962.06,8271.2,1011,Oslo
Unge uføre,2015,5,1436,1438,1468,30,3305756,2302.06,17873.54,8306.64,1026,Oslo
Unge uføre,2015,6,1438,1437,1457,20,3323876,2311.46,17847.93,8335.28,1035,Oslo
Unge uføre,2015,7,1437,1279,1456,177,3319461,2309.99,17836.7,8336.59,1034,Oslo
Unge uføre,2015,8,1279,1280,1313,33,2681137,2096.28,18603.39,8489.64,963,Oslo
Unge uføre,2015,9,1280,1260,1308,48,2690233,2101.74,18568.32,8513.46,968,Oslo
Unge uføre,2015,10,1260,1250,1274,24,2637596,2093.33,18499.45,8532.41,962,Oslo
Unge uføre,2015,11,1250,1262,1282,20,2607768,2086.21,18519.24,8544.76,955,Oslo
Unge uføre,2015,12,1262,1264,1287,23,2638405,2090.65,18496.92,8580.61,972,Oslo
Unge uføre,2016,1,1264,1251,1293,42,2644630,2092.27,18499.44,8585.11,975,Oslo
Unge uføre,2016,2,1251,1261,1281,20,2658191,2124.85,18435.67,8572.76,954,Oslo
Unge uføre,2016,3,1261,1277,1300,23,2684799,2129.1,18375.93,8568.77,962,Oslo
Unge uføre,2016,4,1277,1279,1300,21,2731812,2139.24,18302.78,8592.85,976,Oslo
Unge uføre,2016,5,1279,1283,1308,25,2742578,2144.31,18272.53,8587.35,978,Oslo
Unge uføre,2016,6,1283,1280,1310,30,2780631,2167.29,18266.85,8749.38,1008,Oslo
Unge uføre,2016,7,1280,1091,1304,213,2776358,2169.03,18224.85,8760.94,1005,Oslo
Unge uføre,2016,8,1091,1086,1120,34,2180541,1998.66,18840.87,8752.39,865,Oslo
Unge uføre,2016,9,1086,1077,1117,40,2169762,1997.94,18862.91,8751.81,862,Oslo
Unge uføre,2016,10,1077,1070,1107,37,2128329,1976.16,18921.26,8788.34,857,Oslo
Unge uføre,2016,11,1070,1073,1109,36,2100858,1963.42,18918.58,8795.83,849,Oslo
Unge uføre,2016,12,1073,1061,1095,34,2132090,1987.04,18873.06,8779.81,850,Oslo
Unge uføre,2017,1,1061,936,1118,182,2119493,1997.64,18764.99,8794.15,841,Oslo
Unge uføre,2017,2,936,939,1138,199,1811541,1935.41,19704.59,8773.64,745,Oslo
Unge uføre,2017,3,939,944,1159,215,1816923,1934.96,19732.39,8788.98,746,Oslo
Unge uføre,2017,4,944,932,1041,109,1833296,1942.05,19750.54,8825.89,753,Oslo
Unge uføre,2017,5,932,924,1038,114,1816253,1948.77,19763.3,8848.75,742,Oslo
Unge uføre,2017,6,924,894,1042,148,1798247,1946.15,19778.77,8876.19,740,Oslo
Unge uføre,2017,7,894,927,1034,107,1774403,1984.79,20289.6,8923.57,697,Oslo
Unge uføre,2017,8,927,908,1036,128,1947713,2101.09,20003.13,8961.05,727,Oslo
Unge uføre,2017,9,908,895,1029,134,1929390,2124.88,19995.56,9027.85,720,Oslo
Unge uføre,2017,10,895,901,1014,113,1876204,2096.32,20043.15,9052.58,712,Oslo
Unge uføre,2017,11,901,884,996,112,1900439,2109.26,19968.39,9049.7,719,Oslo
Unge uføre,2017,12,884,886,993,107,1858867,2102.79,19966.98,9061.13,709,Oslo
Unge uføre,2018,1,886,894,1010,116,1852056,2090.36,19999.79,9084.34,712,Oslo
Unge uføre,2018,2,894,891,999,108,1878939,2101.72,20033.47,9135.95,721,Oslo
Unge uføre,2018,3,891,883,1008,125,1864746,2092.87,20006.42,9143.09,719,Oslo
Unge uføre,2018,4,883,879,999,120,1867997,2115.51,20053.21,9197.18,716,Oslo
Unge uføre,2018,5,879,876,999,123,1864879,2121.59,20015.88,9214.54,710,Oslo
Unge uføre,2018,6,876,733,982,249,1847678,2109.22,20035.19,9191.67,708,Oslo
Unge uføre,2018,7,733,806,986,180,1224322,1670.29,21464.25,9428.58,608,Oslo
Unge uføre,2018,8,806,828,979,151,1565961,1942.88,20686.87,9298.27,645,Oslo
Unge uføre,2018,9,828,816,937,121,1610175,1944.66,20750.15,9369.2,668,Oslo
Unge uføre,2018,10,816,811,977,166,1593132,1952.37,20773.25,9409.21,661,Oslo
Unge uføre,2018,11,811,801,959,158,1576094,1943.4,20752.26,9427.21,660,Oslo
Unge uføre,2018,12,801,803,944,141,1552339,1938.0,20819.45,9462.12,653,Oslo
Unge uføre,2019,1,803,802,932,130,1554738,1936.16,20860.7,9472.54,653,Oslo
Unge uføre,2019,2,802,798,928,130,1576823,1966.11,20785.76,9501.3,655,Oslo
Unge uføre,2019,3,798,807,947,140,1569800,1967.17,20897.59,9585.63,659,Oslo
Unge uføre,2019,4,807,799,940,141,1593518,1974.62,20903.72,9632.57,666,Oslo
Unge uføre,2019,5,799,786,943,157,1577025,1973.75,20830.08,9653.39,664,Oslo
Unge uføre,2019,6,786,693,923,230,1553404,1976.34,20854.55,9655.12,654,Oslo
Unge uføre,2019,7,693,770,894,124,1140013,1645.04,22536.53,9911.75,588,Oslo
Unge uføre,2019,8,770,765,874,109,1525230,1980.82,21624.84,9800.72,629,Oslo
Unge uføre,2019,9,765,750,864,114,1529658,1999.55,21653.03,9821.63,629,Oslo
Unge uføre,2019,10,750,745,860,115,1489244,1985.66,21678.63,9799.22,614,Oslo
Unge uføre,2019,11,745,739,866,127,1490997,2001.34,21588.79,9771.41,605,Oslo
Unge uføre,2019,12,739,741,859,118,1466755,1984.78,21582.56,9776.93,603,Oslo
Unge uføre,2020,1,741,741,869,128,1480973,1998.61,21581.99,9788.24,606,Oslo
Unge uføre,2020,2,741,734,857,123,1480434,1997.89,21573.53,9803.9,606,Oslo
Unge uføre,2020,3,734,725,849,124,1466280,1997.66,21589.94,9798.83,591,Oslo
Unge uføre,2020,4,725,784,848,64,1460277,2014.18,21512.02,9789.96,587,Oslo
Unge uføre,2020,5,784,808,884,76,2156822,2751.05,21820.97,9888.88,455,Oslo
Unge uføre,2020,6,808,824,913,89,2197211,2719.32,21874.15,9963.16,481,Oslo
Unge uføre,2020,7,824,833,926,93,2281370,2768.65,22173.18,10059.18,471,Oslo
Unge uføre,2020,8,833,852,930,78,2306582,2769.01,22156.52,10099.32,481,Oslo
Unge uføre,2020,9,852,875,944,69,2338984,2745.29,22153.44,10099.13,495,Oslo
Unge uføre,2020,10,875,878,976,98,2370602,2709.26,22226.02,10114.77,516,Oslo
Unge uføre,2020,11,878,711,997,286,2232882,2543.15,22646.05,10133.38,522,Oslo
Unge uføre,2020,12,711,708,1001,293,1433116,2015.63,21904.02,9963.32,556,Oslo
Unge uføre,2021,1,708,730,1026,296,1421834,2008.24,21998.38,9993.64,555,Oslo
Unge uføre,2021,2,730,727,833,106,1426793,1954.51,22177.62,10112.06,575,Oslo
Unge uføre,2021,3,727,714,853,139,1436723,1976.24,22147.61,10101.83,573,Oslo
Unge uføre,2021,4,714,703,847,144,1392929,1950.88,22082.52,10100.53,563,Oslo
Unge uføre,2021,5,703,698,828,130,1373653,1953.99,22031.98,10111.93,558,Oslo
Unge uføre,2021,6,698,437,800,363,1351610,1936.4,22112.54,10114.33,553,Oslo
Unge uføre,2021,7,437,646,800,154,682796,1562.46,24231.69,10318.44,332,Oslo
Unge uføre,2021,8,646,642,786,144,1132150,1752.55,23163.88,10186.11,487,Oslo
Unge uføre,2021,9,642,644,745,101,1126587,1754.81,23175.34,10186.98,484,Oslo
Unge uføre,2021,10,644,632,761,129,1137854,1766.85,23201.52,10209.57,486,Oslo
Unge uføre,2021,11,632,629,783,154,1124296,1778.95,23185.07,10185.66,479,Oslo
Unge uføre,2021,12,629,842,933,91,1107709,1761.06,23119.42,10155.71,478,Oslo
Unge uføre,2022,1,842,918,1043,125,1838889,2183.95,23923.77,10359.5,669,Oslo
Unge uføre,2022,2,918,972,1109,137,2042759,2225.23,24143.74,10396.26,713,Oslo
Unge uføre,2022,3,972,990,1160,170,2108474,2169.21,24348.42,10465.58,766,Oslo
Unge uføre,2022,4,990,1022,1207,185,2140940,2162.57,24385.22,10515.02,787,Oslo
Unge uføre,2022,5,1022,1026,1146,120,2181695,2134.73,24578.64,10617.07,829,Oslo
Unge uføre,2022,6,1026,941,1159,218,2185563,2130.18,24555.86,10632.58,835,Oslo
Unge uføre,2022,7,941,1056,1147,91,1497516,1591.41,26977.81,10705.83,762,Oslo
Unge uføre,2022,8,1056,1046,1162,116,2018963,1911.9,25974.41,10708.51,851,Oslo
Unge uføre,2022,9,1046,1056,1179,123,2012849,1924.33,25844.66,10746.72,850,Oslo
Unge uføre,2022,10,1056,1072,1205,133,1998610,1892.62,25940.28,10729.26,854,Oslo
Unge uføre,2022,11,1072,1119,1282,163,1997844,1863.66,26096.56,10799.17,873,Oslo
Unge uføre,2022,12,1119,1127,1352,225,2050092,1832.08,26101.21,10790.16,915,Oslo
Unge uføre,2023,1,1127,1179,1400,221,2040202,1810.29,26133.82,10801.33,922,Oslo
Unge uføre,2023,2,1179,1217,1438,221,2096259,1778.0,26258.48,10911.15,981,Oslo
Unge uføre,2023,3,1217,1250,1441,191,2159661,1774.58,26319.37,10938.41,1014,Oslo
Unge uføre,2023,4,1250,1267,1444,177,2199639,1759.71,26353.41,10982.06,1052,Oslo
Unge uføre,2023,5,1267,1250,1445,195,2220309,1752.41,26411.41,11020.46,1066,Oslo
Unge uføre,2023,6,1250,1223,1462,239,2184921,1747.94,26478.52,11128.24,1060,Oslo
Unge uføre,2023,7,1223,1258,1448,190,1952888,1596.8,28190.94,11164.52,1008,Oslo
Unge uføre,2023,8,1258,1265,1404,139,2001782,1591.24,28242.72,11175.26,1044,Oslo
Unge uføre,2023,9,1265,1261,1390,129,2013842,1591.97,28159.0,11213.33,1057,Oslo
Unge uføre,2023,10,1261,1266,1434,168,2007667,1592.12,28258.87,11300.34,1053,Oslo
Unge uføre,2023,11,1266,1281,1441,160,1995388,1576.14,28287.82,11337.79,1056,Oslo
Unge uføre,2023,12,1281,1307,1449,142,2031556,1585.91,28224.12,11356.71,1068,Oslo
Unge uføre,2024,1,1307,1331,1458,127,2082838,1593.6,28195.26,11407.44,1095,Oslo
Unge uføre,2024,2,1331,1333,1468,135,2118525,1591.68,28244.17,11454.61,1121,Oslo
Unge uføre,2024,3,1333,1344,1480,136,2119718,1590.19,28297.56,11534.62,1128,Oslo
Unge uføre,2024,4,1344,562,1469,907,2103154,1564.85,28351.6,11591.63,1143,Oslo
Unge uføre,2024,5,562,554,1477,923,865861,1540.68,27118.49,11776.35,469,Oslo
Unge uføre,2024,6,554,532,1494,962,872605,1575.1,26952.61,11851.23,463,Oslo
Unge uføre,2024,7,532,598,1492,894,832986,1565.76,28387.14,12111.37,441,Oslo
Unge uføre,2024,8,598,590,748,158,1090306,1823.25,28827.99,12159.5,449,Oslo
Unge uføre,2024,9,590,581,801,220,1087443,1843.12,28927.27,12256.06,442,Oslo
Unge uføre,2024,10,581,589,853,264,1073108,1847.0,28859.98,12312.66,439,Oslo
Unge uføre,2024,11,589,585,778,193,1143386,1941.23,28500.04,12418.36,448,Oslo
Unge uføre,2024,12,585,583,748,165,1129041,1929.98,28559.15,12409.97,445,Oslo
Unge uføre,2025,1,583,587,746,159,1128928,1936.41,28671.81,12521.95,448,Oslo
Unge uføre,2025,2,587,585,740,155,1156614,1970.38,28570.73,12612.05,450,Oslo
Unge uføre,2025,3,585,580,735,155,1158060,1979.59,28622.69,12726.98,450,Oslo
Unge uføre,2025,4,580,561,722,161,1180967,2036.15,28493.23,12850.83,452,Oslo
Unge uføre,2025,5,561,552,725,173,1157348,2063.01,28319.2,12857.35,439,Oslo
Unge uføre,2025,6,552,506,715,209,1149331,2082.12,28415.66,12955.98,434,Oslo
Unge uføre,2025,7,506,497,681,184,996122,1968.62,29634.26,13211.81,390,Oslo
Unge uføre,2025,8,497,507,650,143,931335,1873.91,29883.38,13212.76,387,Oslo
Unge uføre,2025,9,507,499,629,130,1000978,1974.32,29809.45,13320.89,394,Oslo
Unge uføre,2025,10,499,497,637,140,976408,1956.73,29607.63,13248.25,392,Oslo
Unge uføre,2025,11,497,496,673,177,993544,1999.08,29479.02,13431.04,394,Oslo
Unge uføre,2025,12,496,501,661,160,1013029,2042.4,29456.03,13470.44,395,Oslo
Unge uføre,2026,1,501,495,643,148,1015853,2027.65,29450.5,13436.16,400,Oslo
Unge uføre,2026,2,495,494,636,142,984397,1988.68,29466.03,13433.34,397,Oslo
Unge uføre,2026,3,494,491,645,154,989697,2003.44,29305.28,13497.12,398,Oslo
Unge uføre,2026,4,491,492,643,151,988473,2013.18,29656.33,13574.5,393,Oslo
Unge uføre,2026,5,492,479,707,228,1001546,2035.66,29424.74,13678.86,399,Oslo
Unge uføre,2026,6,479,447,716,269,971956,2029.14,29284.02,13627.49,394,Oslo
Unge uføre,2026,7,447,0,0,0,848827,1898.94,31077.69,14029.23,364,Oslo
