aar,manedsnr,ant_husstander_utbetaling,ant_husstander_termin,ant_soknader,ant_avslag,utbetalt_belop,gjsnitt_bostotte,gjsnitt_inntekt_mnd,gjsnitt_boutgift_mnd,ant_over_tak,geo
2010,1,0,115197,121743,6546,0,,,,0,Norge
2010,2,115197,118332,124216,5884,251132499,2180.03,10764.67,5713.74,52757,Norge
2010,3,118332,120714,125841,5127,258154534,2181.61,10694.94,5763.06,54674,Norge
2010,4,120714,122698,127626,4928,263720357,2184.67,10631.62,5778.9,56264,Norge
2010,5,122698,124200,128872,4672,268498241,2188.29,10569.53,5788.24,57573,Norge
2010,6,124200,125129,129394,4265,272154893,2191.26,10520.48,5849.76,58665,Norge
2010,7,125129,116717,129914,13197,274494185,2193.69,10464.19,5856.62,59415,Norge
2010,8,116717,117972,122616,4644,248943561,2132.88,11342.25,5840.15,55880,Norge
2010,9,117972,119244,124800,5556,252174973,2137.58,11302.37,5746.12,57091,Norge
2010,10,119244,119434,126203,6769,255482802,2142.52,11252.33,5766.19,58339,Norge
2010,11,119434,121403,126527,5124,254759341,2133.06,11279.43,5771.41,58789,Norge
2010,12,121403,122772,127148,4376,259536680,2137.81,11215.52,5786.45,60105,Norge
2011,1,122772,121714,129587,7873,262928803,2141.6,11160.13,5800.73,61186,Norge
2011,2,121714,124793,131374,6581,260832485,2142.99,11135.82,5816.96,61512,Norge
2011,3,124793,126388,131958,5570,267764298,2145.67,11080.6,5833.73,63498,Norge
2011,4,126388,127911,133388,5477,272079688,2152.73,11028.79,5855.55,64958,Norge
2011,5,127911,128912,133208,4296,275797147,2156.16,10983.18,5867.89,66114,Norge
2011,6,128912,129506,133820,4314,278533591,2160.65,10931.86,5878.34,67069,Norge
2011,7,129506,118701,134685,15984,280676367,2167.28,10893.09,5896.85,67885,Norge
2011,8,118701,119714,124837,5123,250964681,2114.26,11580.67,5939.33,61121,Norge
2011,9,119714,120737,126513,5776,253479641,2117.38,11561.45,5959.11,62241,Norge
2011,10,120737,120721,127166,6445,256341471,2123.14,11540.01,5981.74,63244,Norge
2011,11,120721,122134,127168,5034,256395833,2123.87,11532.81,5991.25,63636,Norge
2011,12,122134,123385,127721,4336,260323844,2131.46,11478.27,6020.34,64824,Norge
2012,1,123385,121690,128729,7039,263802092,2138.04,11429.34,6039.72,66049,Norge
2012,2,121690,122907,127962,5055,260155933,2137.86,11439.37,6050.7,65957,Norge
2012,3,122907,124438,129298,4860,263932978,2147.42,11387.35,6077.66,67263,Norge
2012,4,124438,125551,129855,4304,268044904,2154.04,11335.75,6099.86,68696,Norge
2012,5,125551,126209,130585,4376,271188324,2159.99,11287.52,6117.17,69744,Norge
2012,6,126209,127049,131168,4119,273421385,2166.42,11244.08,6133.94,70621,Norge
2012,7,127049,114326,131602,17276,276204044,2174.0,11194.12,6152.42,71580,Norge
2012,8,114326,114834,119883,5049,238372809,2085.03,11925.77,6290.0,65705,Norge
2012,9,114834,115307,121039,5732,240377092,2093.26,11902.27,6318.25,66686,Norge
2012,10,115307,115703,121423,5720,241952477,2098.33,11869.42,6340.25,67499,Norge
2012,11,115703,116948,121813,4865,243169859,2101.67,11847.57,6360.09,68265,Norge
2012,12,116948,118211,122418,4207,246605155,2108.67,11790.49,6301.7,69575,Norge
2013,1,118211,116248,123016,6768,250186249,2116.44,11728.13,6322.81,70821,Norge
2013,2,116248,112887,123079,10192,246669193,2121.92,11736.27,6350.66,70388,Norge
2013,3,112887,115850,120131,4281,240857889,2133.62,11720.57,6386.28,69366,Norge
2013,4,115850,117794,121697,3903,248528279,2145.26,11622.02,6410.96,71704,Norge
2013,5,117794,119127,123181,4054,253724436,2153.97,11541.41,6425.36,73263,Norge
2013,6,119127,120315,124169,3854,257600985,2162.41,11470.48,6448.71,74620,Norge
2013,7,120315,108998,124737,15739,260982570,2169.16,11417.12,6469.2,75789,Norge
2013,8,108998,108965,114690,5725,227828375,2090.21,11962.96,6549.98,70235,Norge
2013,9,108965,110358,115756,5398,228007726,2092.49,11949.97,6571.36,70766,Norge
2013,10,110358,110828,116692,5864,231706639,2099.59,11898.24,6598.7,72240,Norge
2013,11,110828,112644,117292,4648,233754311,2109.16,11769.43,6622.66,72930,Norge
2013,12,112644,113793,117757,3964,238765864,2119.65,11698.74,7105.18,74710,Norge
2014,1,113793,111763,118836,7073,242183987,2128.29,11628.43,6674.17,75907,Norge
2014,2,111763,113524,118602,5078,244492425,2187.6,11700.16,6694.99,72209,Norge
2014,3,113524,115235,119881,4646,249696316,2199.5,11612.47,6724.37,73920,Norge
2014,4,115235,116793,121325,4532,254616709,2209.54,11534.65,6752.81,75632,Norge
2014,5,116793,117751,121838,4087,259026965,2217.83,11448.6,6770.71,77109,Norge
2014,6,117751,118640,122789,4149,262207446,2226.8,11391.0,6794.09,78215,Norge
2014,7,118640,106390,123195,16805,265226939,2235.56,11308.13,6813.79,79349,Norge
2014,8,106390,106504,112464,5960,228397758,2146.8,11695.94,6883.06,72666,Norge
2014,9,106504,107676,113133,5457,229103705,2151.13,11669.68,6906.1,73196,Norge
2014,10,107676,108889,114396,5507,232706794,2161.18,11609.61,6935.83,74569,Norge
2014,11,108889,110554,115364,4810,236132564,2168.56,11553.53,6959.9,75759,Norge
2014,12,110554,111414,115475,4061,240894712,2178.98,11467.45,6981.24,77248,Norge
2015,1,111414,106955,116758,9803,243658318,2186.96,11393.5,6997.56,78156,Norge
2015,2,106955,109109,114140,5031,239270128,2237.11,11404.93,7023.62,73357,Norge
2015,3,109109,110552,115254,4702,245846873,2253.22,11298.35,7054.46,75362,Norge
2015,4,110552,111740,116139,4399,250320417,2264.28,11215.97,7077.1,76751,Norge
2015,5,111740,112853,117023,4170,254039232,2273.49,11133.28,7096.16,77929,Norge
2015,6,112853,113402,117759,4357,257548111,2282.16,11064.84,7115.58,79113,Norge
2015,7,113402,100412,117971,17559,259523252,2288.52,10987.01,7128.78,79782,Norge
2015,8,100412,101676,106192,4516,223929563,2230.11,11249.61,7206.3,71765,Norge
2015,9,101676,101654,108274,6620,228259369,2244.97,11156.62,7230.32,73057,Norge
2015,10,101654,103034,108432,5398,228386523,2246.7,11102.87,7249.9,73537,Norge
2015,11,103034,104529,109308,4779,232591489,2257.42,11045.34,7270.94,74875,Norge
2015,12,104529,105732,109828,4096,237226544,2269.48,10931.08,7286.91,76203,Norge
2016,1,105732,103557,111480,7923,240927737,2278.66,10842.2,7301.1,77334,Norge
2016,2,103557,106612,111538,4926,244556074,2361.56,10961.2,7309.67,72969,Norge
2016,3,106612,108525,113087,4562,253612265,2378.83,10815.15,7327.55,75392,Norge
2016,4,108525,110366,114765,4399,259678741,2392.8,10719.09,7348.85,77068,Norge
2016,5,110366,111474,115674,4200,265152990,2402.49,10629.99,7366.59,78693,Norge
2016,6,111474,112476,116629,4153,269251102,2415.37,10534.57,7389.16,79912,Norge
2016,7,112476,98841,117248,18407,272627318,2423.87,10452.04,7402.01,80828,Norge
2016,8,98841,100304,105182,4878,234248777,2369.96,10799.13,7458.43,71709,Norge
2016,9,100304,101121,107145,6024,239547719,2388.22,10708.88,7484.9,73078,Norge
2016,10,101121,102019,107472,5453,242555474,2398.67,10622.78,7511.2,73956,Norge
2016,11,102019,103884,108714,4830,245761609,2408.98,10551.59,7533.65,74891,Norge
2016,12,103884,105207,109608,4401,251654548,2422.46,10418.04,7540.93,76221,Norge
2017,1,105207,84879,113546,28667,256462600,2437.7,10235.29,7547.45,77161,Norge
2017,2,84879,92336,118285,25949,201469938,2373.61,11068.72,7585.53,63147,Norge
2017,3,92336,92950,122167,29217,220466710,2387.66,11265.34,7598.37,68960,Norge
2017,4,92950,94291,111979,17688,221402481,2381.95,11296.69,7614.03,69559,Norge
2017,5,94291,86734,111002,24268,225507376,2391.61,11284.63,7631.78,70771,Norge
2017,6,86734,89266,110121,20855,206604316,2382.05,11099.96,7651.48,65171,Norge
2017,7,89266,87304,108393,21089,218507335,2447.82,11546.64,7653.22,65646,Norge
2017,8,87304,89334,108177,18843,218482028,2502.54,11175.88,7705.2,64425,Norge
2017,9,89334,90760,108854,18094,224948427,2518.06,11243.44,7738.6,66485,Norge
2017,10,90760,86175,110219,24044,227052437,2501.68,11337.57,7754.07,67853,Norge
2017,11,86175,91529,110140,18611,214764156,2492.19,11224.5,7788.09,64569,Norge
2017,12,91529,91484,108713,17229,228489512,2496.36,11361.05,7784.21,68843,Norge
2018,1,91484,87936,109614,21678,228444348,2497.1,11378.27,7795.51,69000,Norge
2018,2,87936,94192,109945,15753,221015059,2513.36,11035.43,7839.95,66625,Norge
2018,3,94192,94270,111200,16930,237607888,2522.59,11246.32,7846.06,71646,Norge
2018,4,94270,89484,111124,21640,238393009,2528.83,11212.7,7864.43,71953,Norge
2018,5,89484,91551,110713,19162,226366342,2529.69,11054.47,7902.39,68575,Norge
2018,6,91551,82483,109823,27340,231359080,2527.11,11172.53,7900.28,70334,Norge
2018,7,82483,83787,108137,24350,208174133,2523.84,11175.16,7977.68,61604,Norge
2018,8,83787,87118,107593,20475,213805334,2551.77,11017.27,7994.98,63161,Norge
2018,9,87118,87829,105982,18153,222365951,2552.47,11139.22,8010.5,66021,Norge
2018,10,87829,83518,109752,26234,224582492,2557.04,11126.24,8028.88,66672,Norge
2018,11,83518,88230,107463,19233,214289143,2565.78,10855.31,8057.13,63543,Norge
2018,12,88230,83400,105987,22587,225638425,2557.39,11082.02,8048.17,67275,Norge
2019,1,83400,89111,106688,17577,213824006,2563.84,10879.33,8078.93,63689,Norge
2019,2,89111,88023,106649,18626,234826335,2635.21,10906.14,8101.83,67349,Norge
2019,3,88023,88693,105679,16986,232058829,2636.34,11143.3,8156.84,67187,Norge
2019,4,88693,82843,105371,22528,234568071,2644.72,11132.97,8183.28,67920,Norge
2019,5,82843,85304,104790,19486,218712467,2640.08,11005.61,8220.63,63732,Norge
2019,6,85304,77638,103550,25912,223221565,2616.78,11229.51,8207.33,65750,Norge
2019,7,77638,79470,101265,21795,207792348,2676.43,11235.61,8279.73,58785,Norge
2019,8,79470,82793,100825,18032,224569850,2825.84,11221.89,8325.35,56878,Norge
2019,9,82793,78713,100542,21829,234568176,2833.19,11350.54,8327.43,59629,Norge
2019,10,78713,81996,101029,19033,223755389,2842.67,11365.63,8392.47,57045,Norge
2019,11,81996,82882,101119,18237,232591566,2836.62,11559.93,8388.03,59606,Norge
2019,12,82882,77673,99412,21739,235280519,2838.74,11625.4,8400.53,60452,Norge
2020,1,77673,84013,100069,16056,219679692,2828.26,11496.45,8428.86,56791,Norge
2020,2,84013,84730,100274,15544,240297948,2860.25,11494.62,8427.16,61357,Norge
2020,3,84730,80085,101480,21395,242633664,2863.61,11586.12,8446.13,62139,Norge
2020,4,80085,88761,102545,13784,230249088,2875.06,11474.41,8507.86,58865,Norge
2020,5,88761,87180,105159,17979,305475203,3441.55,11936.73,8538.72,42461,Norge
2020,6,87180,83934,106028,22094,298124908,3419.65,11957.16,8591.95,42515,Norge
2020,7,83934,90079,106035,15956,287886959,3429.92,12402.08,8585.31,38863,Norge
2020,8,90079,85938,106431,20493,311697662,3460.27,12395.66,8619.12,42019,Norge
2020,9,85938,91143,106668,15525,295677497,3440.59,12475.45,8700.18,41168,Norge
2020,10,91143,92134,107545,15411,311305205,3415.57,12637.97,8682.58,43784,Norge
2020,11,92134,81225,108026,26801,313056567,3397.84,12781.61,8700.85,44764,Norge
2020,12,81225,85343,106531,21188,238341847,2934.34,11779.86,8691.55,59793,Norge
2021,1,85343,88086,110583,22497,249885071,2928.01,11968.75,8663.4,62993,Norge
2021,2,88086,88602,104213,15611,251908068,2859.8,12241.39,8679.03,65095,Norge
2021,3,88602,80991,105396,24405,254007686,2866.84,12242.75,8690.41,65724,Norge
2021,4,80991,87273,104449,17176,230975785,2851.87,12229.53,8748.8,60330,Norge
2021,5,87273,71113,102723,31610,248663815,2849.26,12481.66,8720.94,65127,Norge
2021,6,71113,70739,100342,29603,206859417,2908.88,11986.47,8903.39,53218,Norge
2021,7,70739,78919,97877,18958,202617218,2864.29,12702.85,8808.78,49494,Norge
2021,8,78919,72086,95621,23535,225379283,2855.83,13013.43,8800.75,55672,Norge
2021,9,72086,76424,93985,17561,205556375,2851.54,12875.17,8872.08,51457,Norge
2021,10,76424,77285,95669,18384,217209812,2842.17,13114.92,8838.01,54656,Norge
2021,11,77285,71166,95897,24731,219750025,2843.37,13134.53,8849.95,55402,Norge
2021,12,71166,86039,107436,21397,201253382,2827.94,13013.17,8910.94,51371,Norge
2022,1,86039,90380,116571,26191,244471620,2841.4,14768.42,8924.82,62730,Norge
2022,2,90380,97172,121559,24387,263336583,2913.66,15279.25,9015.1,63569,Norge
2022,3,97172,96161,124870,28709,283237698,2914.81,15394.19,8997.06,68368,Norge
2022,4,96161,97426,127356,29930,277396864,2884.71,15681.47,9048.08,68235,Norge
2022,5,97426,90841,118267,27426,281703429,2891.46,15670.35,9063.73,69515,Norge
2022,6,90841,84494,117613,33119,258043952,2840.61,15803.87,9131.72,65452,Norge
2022,7,84494,95468,114662,19194,236605572,2800.26,16511.93,9122.28,59602,Norge
2022,8,95468,91026,116659,25633,272502364,2854.38,16180.43,9152.03,68378,Norge
2022,9,91026,96086,119054,22968,257427838,2828.07,16275.41,9249.24,65985,Norge
2022,10,96086,94501,120780,26279,272128281,2832.13,16388.83,9242.44,69765,Norge
2022,11,94501,100848,124899,24051,264025462,2793.89,16702.46,9322.07,69326,Norge
2022,12,100848,101647,129672,28025,282498347,2801.23,16769.56,9328.25,74217,Norge
2023,1,101647,101955,130875,28920,283132307,2785.45,16808.78,9351.3,75255,Norge
2023,2,101955,109246,132231,22985,282308910,2768.96,16872.49,9464.38,76444,Norge
2023,3,109246,110025,133049,23024,307496501,2814.72,17036.26,9469.07,82019,Norge
2023,4,110025,111332,133623,22291,308276234,2801.87,17252.7,9511.0,83177,Norge
2023,5,111332,102329,133018,30689,312622633,2808.02,17228.27,9543.63,84550,Norge
2023,6,102329,103534,132350,28816,282002609,2755.84,17403.7,9612.24,78495,Norge
2023,7,103534,102437,131632,29195,301297860,2910.13,17231.31,9607.52,75825,Norge
2023,8,102437,107246,128210,20964,284768150,2779.93,18132.85,9737.18,75931,Norge
2023,9,107246,107897,128643,20746,303279949,2827.89,17823.29,9758.16,79829,Norge
2023,10,107897,103405,129848,26443,303806230,2815.71,17928.9,9799.66,80923,Norge
2023,11,103405,110927,132103,21176,287337613,2778.76,18152.25,9886.68,78257,Norge
2023,12,110927,111971,132702,20731,312186827,2814.34,17972.15,9897.28,84167,Norge
2024,1,111971,109106,135709,26603,315809375,2820.46,17915.79,9933.62,85437,Norge
2024,2,109106,116913,136377,19464,307363058,2817.1,17858.04,10050.88,84215,Norge
2024,3,116913,118292,137665,19373,333232134,2850.26,17768.78,10052.84,90372,Norge
2024,4,118292,85555,136493,50938,339001630,2865.8,17710.37,10108.58,91898,Norge
2024,5,85555,89659,135093,45434,266424027,3114.07,14621.76,10153.4,65399,Norge
2024,6,89659,88495,137509,49014,278820309,3109.79,14755.58,10137.1,68834,Norge
2024,7,88495,95252,138846,43594,294975252,3333.24,14637.23,10210.66,65104,Norge
2024,8,95252,94765,116086,21321,320331319,3362.99,16110.25,10334.94,64838,Norge
2024,9,94765,89010,121012,32002,320950890,3386.81,15936.34,10365.87,65039,Norge
2024,10,89010,96367,124967,28600,304930167,3425.8,16015.13,10750.0,65356,Norge
2024,11,96367,97094,118815,21721,330608768,3430.73,16267.26,10770.32,71096,Norge
2024,12,97094,91157,117132,25975,334599549,3446.14,16168.22,10809.78,72177,Norge
2025,1,91157,99598,118483,18885,313850234,3442.96,16042.35,10873.29,68074,Norge
2025,2,99598,99808,118067,18259,347349006,3487.51,15935.24,10896.51,74829,Norge
2025,3,99808,100138,118704,18566,347675222,3483.44,15997.77,10945.43,75456,Norge
2025,4,100138,99148,117937,18789,349728587,3492.47,16003.02,10995.21,76075,Norge
2025,5,99148,96475,117028,20553,346594020,3495.72,15966.26,11027.6,75705,Norge
2025,6,96475,89574,116015,26441,337108826,3494.26,15907.42,11045.41,73980,Norge
2025,7,89574,92206,113963,21757,334597246,3735.43,15493.65,11111.6,65954,Norge
2025,8,92206,92416,113281,20865,335729740,3641.08,16160.31,11195.02,68383,Norge
2025,9,92416,92180,111615,19435,338731759,3665.29,16032.24,11253.87,68949,Norge
2025,10,92180,92267,111505,19238,336217124,3647.4,16174.85,11291.89,69236,Norge
2025,11,92267,92914,111893,18979,336174095,3643.49,16239.16,11328.79,69706,Norge
2025,12,92914,92483,110253,17770,338206498,3640.0,16261.09,11368.07,70598,Norge
2026,1,92483,94662,112072,17410,337792552,3652.48,16162.08,11399.4,70529,Norge
2026,2,94662,94846,112186,17340,348053058,3676.8,15962.86,11449.67,72584,Norge
2026,3,94846,95293,113035,17742,348497750,3674.35,16012.12,11491.83,73096,Norge
2026,4,95293,94691,112424,17735,350391003,3676.99,16081.66,11550.32,73748,Norge
2026,5,94691,91966,111735,19769,349119250,3686.89,15982.12,11581.78,73603,Norge
2026,6,91966,86055,111304,25249,339604403,3692.72,15881.01,11605.71,71763,Norge
2026,7,86055,0,0,0,335837402,3902.59,15597.82,11664.72,64021,Norge
